file;session_time;%tcp_protocol;%udp_protocol;ul_data_volume;max_ul_volume;min_ul_volume;avg_ul_volume;std_ul_volume;%ul_volume;dl_data_volume;max_dl_volume;min_dl_volume;avg_dl_volume;std_dl_volume;%dl_volume;nb_uplink_packet;nb_downlink_packet;ul_packet;dl_packet;kB/s;nb_packet/s;output
100;4.999674081802368;100.0;0.0;99090;54;54;54.0;0.0;1.6528343882961511;5896066;5894;1514;1564.3581851950119;313.30493633884106;98.34716561170384;1835;3769;32.74446823697359;67.25553176302641;1199.1093623124257;1120.8730625856665;1
108;0.892125129699707;100.0;0.0;32184;54;54;54.0;0.0;1.6736166687727279;1890837;7354;60;1594.297639123103;601.9038626387112;98.32638333122728;596;1186;33.445566778900115;66.55443322109988;2155.550758498751;1997.4776415050974;1
1658829216;3.412766933441162;99.85726520125607;0.14273479874393377;77133;471;54;55.213314244810306;18.69688144083118;2.276790655869083;3310662;7354;60;1571.268153773137;562.6536888250971;97.72320934413092;1397;2107;39.868721461187214;60.131278538812786;992.6827896753024;1026.7328734537537;1
1658829441;4.999284982681274;99.8884706538408;0.11152934615920815;142985;471;54;54.699693955623566;14.495354175501735;1.9259241499587567;7281243;8814;60;1597.1140601008992;649.3415669221043;98.07407585004124;2614;4559;36.44221385752126;63.55778614247874;1485.0579684333482;1434.8051821108413;1
1658829442;1.6821720600128174;100.0;0.0;60534;54;54;54.0;0.0;1.5712081696387783;3792170;33634;60;1645.9071180555557;1250.2776754760766;98.42879183036122;1121;2304;32.72992700729927;67.27007299270073;2290.3150584790023;2036.0580712379108;1
1658830044;0.2808210849761963;100.0;0.0;5130;54;54;54.0;0.0;1.6178729228624682;311953;8814;60;1575.520202020202;598.2511034996405;98.38212707713753;95;198;32.42320819112628;67.57679180887372;1129.1281779175429;1043.3689479721086;1
1658831902;4.999096870422363;99.88247392390187;0.11752607609813427;133370;471;54;54.65983606557377;13.412307076447581;1.8764186221428654;6974319;8814;60;1597.0503778337531;628.8044675309047;98.12358137785714;2440;4367;35.84545320993095;64.15454679006905;1421.7946129536565;1361.6459485460803;1
1658831938;4.999583959579468;99.88290398126463;0.117096018735363;136195;471;54;54.67482938578884;13.727944879092766;1.9308259744472311;6917522;8814;60;1593.531905090993;599.3751886601328;98.06917402555277;2491;4341;36.46077283372365;63.53922716627635;1410.860795023695;1366.5137049872972;1
1658831939;4.99824595451355;100.0;0.0;16956;54;54;54.0;0.0;1.646143271549565;1013088;14654;1514;1711.2972972972973;1157.0623837362095;98.35385672845044;314;592;34.65783664459161;65.34216335540839;206.08109512294862;181.26358891599918;1
1658832029;1.8926801681518555;100.0;0.0;72900;54;54;54.0;0.0;1.6567545473821574;4327269;11734;60;1600.9134295227525;646.2428983706426;98.34324545261784;1350;2703;33.30866025166543;66.69133974833457;2324.8349478383507;2141.4077603812116;1
1658832070;4.8717169761657715;99.92344204562855;0.0765579543714592;128875;471;54;54.770505737356565;15.369182339117218;1.8861435225331036;6703850;8814;60;1604.1756401052883;673.9818836460258;98.1138564774669;2353;4179;36.02265768524189;63.97734231475811;1402.5291357088681;1340.8003855636407;1
1658832092;4.999758958816528;99.88045427375971;0.1195457262402869;129039;471;54;54.70072064434082;13.915056568724982;1.8293712479984008;6924696;8814;60;1598.1297022847912;629.1230972128975;98.1706287520016;2359;4333;35.2510460251046;64.7489539748954;1410.815012904074;1338.4645250146289;1
1658832093;4.121746063232422;100.0;0.0;142128;54;54;54.0;0.0;1.499521587538086;9336095;61374;60;1751.6125703564728;1693.4115340227338;98.50047841246192;2632;5330;33.05702084903291;66.94297915096709;2299.565003421593;1931.70561161546;1
1658929809;4.996267080307007;99.88503104161876;0.11496895838123707;88709;471;54;55.03039702233251;17.110578230017623;2.0316474279021555;4277649;7354;60;1562.326150474799;418.66425193100645;97.96835257209784;1612;2738;37.05747126436781;62.94252873563219;873.9240576650077;870.6500133160824;1
1658929810;4.884738922119141;100.0;0.0;130788;54;54;54.0;0.0;1.6317679981934121;7884322;62834;60;1783.3797783306943;2037.6644890631976;98.36823200180659;2422;4421;35.393833114131226;64.60616688586877;1640.847162517913;1400.8937036559794;1
1658930308;1.4806859493255615;100.0;0.0;42768;54;54;54.0;0.0;1.616446267372791;2603036;7354;60;1594.9975490196077;546.0698070815936;98.3835537326272;792;1632;32.67326732673267;67.32673267326733;1786.8772248464563;1637.0790856117121;1
1658930343;4.925489902496338;83.6734693877551;16.3265306122449;2804;471;54;107.84615384615384;113.87912620237032;17.447576379814574;13267;1514;60;576.8260869565217;650.1670870681778;82.55242362018542;26;23;53.06122448979592;46.93877551020408;3.2628226467086843;9.94824900060516;1
1658930344;3.637565851211548;100.0;0.0;83376;54;54;54.0;0.0;1.6938822278890835;4838808;7354;60;1605.4439283344393;587.1054480899178;98.30611777211092;1544;3014;33.87450636243967;66.12549363756034;1353.153235249498;1253.0357350044637;1
1658930383;4.999515056610107;99.85704074338814;0.14295925661186562;120569;471;54;54.729459827507945;14.095057431100106;2.0587657241094446;5735804;59914;60;1690.481579722959;1729.4845948337656;97.94123427589055;2203;3393;39.367405289492496;60.632594710507504;1171.3882113940226;1119.3085602575095;1
1658930384;3.343997001647949;100.0;0.0;118044;54;54;54.0;0.0;1.6589379137805933;6997593;8814;60;1595.438440492476;589.742429887651;98.34106208621941;2186;4386;33.26232501521607;66.73767498478394;2127.883785928443;1965.3127669556116;1
1658930415;4.736681938171387;99.32523616734143;0.6747638326585695;21380;471;54;58.57534246575342;35.934203382756024;3.660488807088131;562695;4434;60;1492.5596816976126;400.94766367745433;96.33951119291187;365;377;49.19137466307278;50.80862533692722;123.3088916722756;156.64974125040192;1
1658930416;2.4749650955200195;100.0;0.0;42066;54;54;54.0;0.0;1.6516893240936734;2504781;8814;60;1592.3591862682772;549.615186951363;98.34831067590633;779;1573;33.12074829931973;66.87925170068027;1029.0436033260005;950.3164324448046;1
1658930650;4.9996960163116455;99.86033519553072;0.13966480446927373;121977;471;54;54.747307001795335;14.400436770586506;1.7953521930903293;6672066;59914;60;1906.3045714285715;2340.1389622773395;98.20464780690968;2228;3500;38.89664804469274;61.10335195530726;1358.8912161527917;1145.6696529773496;1
1658930651;1.7441821098327637;100.0;0.0;67986;54;54;54.0;0.0;1.6470298663160032;4059808;8814;60;1604.6671936758894;649.8402126735022;98.352970133684;1259;2530;33.22776458168382;66.77223541831619;2366.607234835004;2172.364903091053;1
1658933262;4.999176025390625;99.51278928136419;0.48721071863581;39361;471;54;56.391117478510026;25.714474175193544;2.5401420662265846;1510198;7354;60;1599.7860169491526;550.705230670098;97.45985793377342;698;944;42.50913520097442;57.49086479902558;309.9628803086446;328.4541275722928;1
1658933263;2.300989866256714;100.0;0.0;36234;54;54;54.0;0.0;1.6596715926095742;2146969;8814;60;1610.629407351838;584.8756399523179;98.34032840739043;671;1333;33.483033932135726;66.51696606786427;948.810349848115;870.929520111333;1
1658933281;4.748524188995361;96.81274900398407;3.187250996015936;8463;471;54;67.704;61.06184384862241;3.2039220882469857;255682;17574;60;2029.2222222222222;2708.8965897985518;96.79607791175302;125;126;49.800796812749006;50.199203187250994;55.62675675363566;52.8585282521439;1
1658934148;4.996905088424683;99.9267828378972;0.0732171621027969;134813;471;54;54.735282176207875;15.005893832328116;1.892345205157182;6989310;8814;60;1600.4831692237233;649.8925025654108;98.10765479484282;2463;4367;36.0614934114202;63.9385065885798;1425.7070874736069;1366.846053534552;1
1658934149;0.9529750347137451;100.0;0.0;35100;54;54;54.0;0.0;1.684485742339909;2048622;8814;60;1589.311093871218;577.912565553793;98.3155142576601;650;1289;33.52243424445591;66.47756575554409;2186.544163379798;2034.6807936919747;1
1658934491;4.340642929077148;99.90776609481645;0.09223390518354548;112757;471;54;54.842898832684824;15.732345472765074;2.0373372399597582;5421771;8814;60;1610.7459893048128;657.647606541342;97.96266276004025;2056;3366;37.919586868314276;62.080413131685724;1275.0479803176715;1249.1237101487995;1
1658998716;4.999670028686523;99.86334130509054;0.1366586949094636;116125;471;54;54.77594339622642;14.621003676891771;1.9109844124560145;5960586;8814;60;1596.3004820567755;629.708655533897;98.08901558754398;2120;3734;36.21455415100786;63.78544584899214;1215.4224109058712;1170.8772711822185;1
1658998734;4.996661186218262;99.85414235705952;0.14585764294049008;75281;471;54;55.35367647058823;20.522872281782796;2.2181468996004265;3318588;8814;60;1603.9574673755437;649.4188870367141;97.78185310039957;1360;2069;39.66170895304754;60.33829104695246;679.2273627359273;686.2582577057319;1
1658998750;1.1639268398284912;100.0;0.0;47520;54;54;54.0;0.0;1.650147825742723;2832222;8814;60;1594.7195945945946;600.4435535891957;98.34985217425728;880;1776;33.13253012048193;66.86746987951807;2474.1606615277815;2281.930366337605;1
1658998769;4.9969401359558105;100.0;0.0;23004;54;54;54.0;0.0;3.0863435603235;722344;8814;1514;1695.643192488263;627.0949825143916;96.9136564396765;426;426;50.0;50.0;149.16088240417363;170.5043440223304;1
1658998770;0.8029351234436035;100.0;0.0;23922;54;54;54.0;0.0;1.667080149745917;1411042;7354;60;1592.5981941309255;591.9444631121779;98.33291985025409;443;886;33.333333333333336;66.66666666666667;1787.1481245530404;1655.1773128322318;1
1658998785;4.982777118682861;99.92495872730001;0.07504127269998499;134149;471;54;54.6877293110477;14.062155207333898;1.9491032532613761;6748452;8814;60;1602.577060080741;671.2168900425448;98.05089674673863;2453;4211;36.80972388955582;63.19027611044418;1381.2781178178275;1337.4067997168515;1
1658998786;0.21673798561096191;100.0;0.0;8640;54;54;54.0;0.0;1.6068110936915927;529071;5894;60;1560.6814159292035;439.5661106813487;98.39318890630841;160;339;32.06412825651302;67.93587174348697;2480.926444362064;2302.319081693828;1
1658998799;4.99881386756897;99.83336804832327;0.166631951676734;106532;471;54;54.82861554297478;15.026237420163156;2.191842376305092;4753854;30714;60;1663.3498950314906;1409.9886693300487;97.80815762369491;1943;2858;40.47073526348677;59.52926473651323;972.3078571764685;960.4278389214818;1
1658999460;1.3163080215454102;100.0;0.0;28512;54;54;54.0;0.0;1.6981212984624474;1650520;7354;60;1558.5646836638339;422.1520841524108;98.30187870153755;528;1059;33.2703213610586;66.7296786389414;1275.5616257878107;1205.644859731831;1
1658999474;4.404946804046631;100.0;0.0;32670;54;54;54.0;0.0;1.1621462603933297;2778508;56994;1514;2330.963087248322;3807.9124620368507;98.83785373960667;605;1192;33.66722314969393;66.33277685030606;638.1865945390066;407.95044297678584;1
1658999486;2.2067270278930664;100.0;0.0;30294;54;54;54.0;0.0;1.7209341694677625;1730029;4434;60;1533.7136524822695;196.35268892221652;98.27906583053223;561;1128;33.214920071047956;66.78507992895204;797.7076356746838;765.3869185680928;1
1658999502;1.0165560245513916;100.0;0.0;44118;54;54;54.0;0.0;1.3618154576148134;3195528;56994;60;2482.927738927739;3711.0850224379647;98.63818454238519;817;1287;38.830798479087456;61.169201520912544;3186.8838723666636;2069.7334423142097;1
1658999514;4.999665975570679;99.80704293294743;0.1929570670525808;85098;471;54;55.115284974093264;17.79128434437944;2.057973334713409;4049941;7354;60;1556.4723289777094;356.10010542769527;97.94202666528659;1544;2602;37.240713941148094;62.759286058851906;827.0630518527815;829.2553983122366;1
1659003223;4.999458074569702;99.8570918185066;0.1429081814933905;118143;471;54;54.74652455977757;14.26646132852478;1.9576123237298875;5916913;38014;60;1720.0328488372093;1524.3547301093568;98.04238767627011;2158;3440;38.54948195784208;61.45051804215792;1207.142036193479;1119.721361096085;1
1659009902;4.984118223190308;99.92877492877493;0.07122507122507123;140837;471;54;54.67274844720497;14.058423545989935;1.9375966136187162;7127807;8814;60;1603.5561304836895;655.879579139691;98.06240338638128;2576;4445;36.68993020937189;63.31006979062811;1458.36107301391;1408.6744506445305;1
1659009913;4.99962306022644;99.87593052109182;0.12406947890818859;132967;471;54;54.74145738987237;14.804820712407844;1.8839336379073512;6924978;38014;60;1723.059965165464;1530.4154556967333;98.11606636209265;2429;4019;37.67059553349876;62.32940446650124;1411.695424830754;1289.6972276361892;1
1659009914;3.1510939598083496;100.0;0.0;83700;54;54;54.0;0.0;1.558248617915391;5287715;29254;60;1716.7905844155844;1444.4784168328679;98.4417513820846;1550;3080;33.47732181425486;66.52267818574514;1704.6191159360703;1469.3309876045707;1
1659009929;2.221748113632202;100.0;0.0;24516;54;54;54.0;0.0;1.5768796358949158;1530200;32174;60;1736.88989784336;1713.9190704082837;98.42312036410509;454;881;34.00749063670412;65.99250936329588;699.7714954546708;600.8781966815711;1
1659009941;1.1075389385223389;100.0;0.0;38934;54;54;54.0;0.0;1.6768806763341202;2282877;8814;60;1591.9644351464435;637.3142963578288;98.32311932366588;721;1434;33.45707656612529;66.5429234338747;2096.3696347306072;1945.7555170702776;1
1659090084;4.997464895248413;99.88682661837936;0.11317338162064282;89451;471;54;54.97910264290105;16.48524797114893;1.9587401314103954;4477311;10274;60;1603.621418338109;625.9719227133951;98.0412598685896;1627;2792;36.81828467979181;63.18171532020819;913.8157237166538;884.2483324298252;1
1659090097;2.734678030014038;100.0;0.0;85698;54;54;54.0;0.0;1.6719848210671102;5039827;8814;60;1582.8602386934674;556.589689032446;98.32801517893289;1587;3184;33.26346677845316;66.73653322154685;1874.270003176092;1744.6295131041472;1
1659090114;2.3292911052703857;100.0;0.0;72576;54;54;54.0;0.0;1.6692196232664045;4275324;8814;60;1590.5223214285713;565.6894652924022;98.3307803767336;1344;2688;33.333333333333336;66.66666666666667;1866.6194148778552;1730.9987536023166;1
1659090127;0.8300149440765381;100.0;0.0;32346;54;54;54.0;0.0;1.668213027492559;1906615;8814;60;1596.8299832495813;636.1197060100797;98.33178697250744;599;1194;33.407696597880644;66.59230340211936;2336.0555298883905;2160.202069608354;1
1659090136;4.924015998840332;97.41100323624596;2.588996763754045;9911;471;54;66.51677852348993;60.94521288284874;3.972694987133134;239567;5894;60;1497.29375;736.7378001190204;96.02730501286686;149;160;48.22006472491909;51.77993527508091;50.665554307450506;62.75365475513755;1
1659090147;1.4696519374847412;100.0;0.0;58212;54;54;54.0;0.0;1.6780652609761617;3410783;8814;60;1602.058713010803;642.0912634743676;98.32193473902385;1078;2129;33.61396944184596;66.38603055815403;2360.4194377731815;2182.149336317462;1
1659090157;4.996186017990112;99.92755722978846;0.07244277021153289;137871;471;54;54.62400950871632;13.135444677145058;1.9276696395002888;7014340;8814;60;1601.8131993605846;666.0767966533515;98.0723303604997;2524;4379;36.563812834999275;63.436187165000725;1431.5341691135077;1381.6539206394418;1
1659090158;2.1654908657073975;100.0;0.0;84186;54;54;54.0;0.0;1.6682400667724055;4962210;8814;60;1589.9423261775073;588.5307138627886;98.33175993322759;1559;3121;33.31196581196581;66.6880341880342;2330.370485470278;2161.1728195728;1
1659090172;4.0364460945129395;100.0;0.0;143748;54;54;54.0;0.0;1.6804213748832018;8410535;8814;60;1595.3215098634294;593.7433109854225;98.3195786251168;2662;5272;33.551802369548774;66.44819763045122;2119.2610528426267;1965.590475935084;1
1659090185;4.9818971157073975;99.95455922447744;0.04544077552256892;131683;471;54;54.640248962655605;13.466270084620916;1.9232679152823289;6715153;10274;60;1601.5151442880992;676.6847432294791;98.07673208471768;2410;4193;36.49856126003332;63.50143873996668;1374.343114877392;1325.3987078900998;1
1659101185;4.995921850204468;99.6474217717056;0.35257822829440283;50476;471;54;55.77458563535912;21.946032345197956;2.3226984458590754;2122686;4434;60;1556.2214076246335;367.40905326995266;97.67730155414093;905;1364;39.88541207580432;60.11458792419568;434.98718858283564;454.1704350133373;1
1659101203;3.83032488822937;100.0;0.0;109782;54;54;54.0;0.0;1.6811635927058002;6420338;8814;60;1588.4062345373577;566.0628887342817;98.3188364072942;2033;4042;33.465020576131685;66.53497942386831;1704.8475496340088;1586.0273416149478;1
1659101225;4.999732971191406;99.8619261304798;0.1380738695201933;115331;471;54;54.763057929724596;14.415265824531016;1.930192021730162;5859774;8814;60;1588.8758134490238;596.4431894151967;98.06980797826984;2106;3688;36.34794615119089;63.65205384880911;1195.0848244153665;1158.861889901957;1
1659101226;0.009471893310546875;100.0;0.0;432;54;54;54.0;0.0;2.102189781021898;20118;1514;60;1341.2;459.9116685377126;97.89781021897811;8;15;34.78260869565217;65.21739130434783;2169.576802255336;2428.236810310109;1
1659101238;4.998899936676025;99.85742291926573;0.14257708073427197;115385;471;54;54.76269577598481;14.411852577779275;2.02060231583423;5595041;10274;60;1596.7582762557079;614.6209293074785;97.97939768416578;2107;3504;37.55123863838888;62.44876136161112;1142.3365285037287;1122.4469525451204;1
1659101257;4.107792854309082;99.8931623931624;0.10683760683760683;96063;471;54;54.924528301886795;16.08017736120709;2.0108123315086712;4681260;8814;60;1596.6098226466577;653.4014378431315;97.98918766849133;1749;2932;37.36381115146336;62.63618884853664;1162.9902406078193;1139.541395104581;1
1659101285;3.4142870903015137;99.76119402985074;0.23880597014925373;78162;471;54;55.19915254237288;18.348989034129218;2.4919172574563517;3058459;7354;60;1581.4162357807652;613.4318100507166;97.50808274254365;1416;1934;42.26865671641791;57.73134328358209;918.6752364526578;981.171152688324;1
1659101310;4.995905876159668;99.90488871980217;0.09511128019783147;113807;471;54;54.79393355801637;14.989427930814392;1.8572596106457187;6013877;45314;60;1890.56177302735;2235.1081700437007;98.14274038935429;2077;3181;39.50171167744389;60.49828832255611;1226.5411222499501;1052.4617817743601;1
1659101311;1.0518519878387451;100.0;0.0;22302;54;54;54.0;0.0;1.698600798346945;1290661;8814;60;1589.4839901477833;542.1327986603644;98.30139920165306;413;812;33.714285714285715;66.28571428571429;1248.2393104544713;1164.6125254913711;1
1659101323;4.9974400997161865;99.9213217938631;0.07867820613690008;124807;471;54;54.69193689745837;13.8376702753476;1.8860089408130147;6492712;8814;60;1593.694648993618;585.2390561106517;98.11399105918699;2282;4074;35.903083700440526;64.09691629955947;1324.1817546499099;1271.8511624303349;1
1659101324;0.5804951190948486;100.0;0.0;13230;54;54;54.0;0.0;1.7004835388566273;764784;8814;60;1573.6296296296296;551.340588009131;98.29951646114337;245;486;33.515731874145004;66.484268125855;1340.2593310571458;1259.2698473327903;1
1659101338;4.995289087295532;99.87351378699722;0.1264862130027827;90907;471;54;54.99516031457955;16.764173311846026;2.1165567181880878;4204135;62834;60;1827.0903954802259;2460.6702878968053;97.8834432818119;1653;2301;41.80576631259484;58.19423368740516;859.818505984676;791.5457806148132;1
1659101403;4.610330104827881;99.8533724340176;0.1466275659824047;109985;471;54;54.80069755854509;14.765671820772418;1.9795320863820036;5446126;8814;60;1579.0449405624818;553.8167163839942;98.02046791361799;2007;3449;36.78519061583578;63.21480938416422;1205.1438560075576;1183.4293588406053;1
1659101425;3.6419389247894287;100.0;0.0;138132;54;54;54.0;0.0;1.6660384788648475;8152913;13194;60;1598.9239066483624;622.2098603627528;98.33396152113515;2558;5099;33.407339689173305;66.59266031082669;2276.5469633677;2102.451512264917;1
1659101440;0.941148042678833;100.0;0.0;35856;54;54;54.0;0.0;1.6832451479247441;2094315;8814;60;1596.2766768292684;595.1276850646143;98.31675485207525;664;1312;33.60323886639676;66.39676113360323;2263.375051959728;2099.563416586003;1
1659101464;3.802647113800049;99.78145488604433;0.21854511395566656;74186;471;54;55.197916666666664;18.00284072410527;2.4553485730474973;2947218;10274;60;1584.5258064516129;646.2987207556566;97.5446514269525;1344;1860;41.947565543071164;58.052434456928836;794.5528232254663;842.5709523170003;1
1659101474;4.702279806137085;99.91998719795167;0.08001280204832774;126260;471;54;54.68168038111737;13.725916912737492;1.9687436605627713;6286967;10274;60;1595.27201217965;616.8345462623473;98.03125633943723;2309;3941;36.944;63.056;1363.854824553381;1329.1425133491502;1
1659101475;0.09644389152526855;100.0;0.0;6534;54;54;54.0;0.0;0.39829490281275204;1633959;62834;60;6119.696629213483;7807.3570250047405;99.60170509718725;121;267;31.185567010309278;68.81443298969072;17009.817563927172;4023.0645390158584;1
1659101487;4.067207098007202;99.8928418345478;0.10715816545220745;98131;471;54;54.8831096196868;15.628353158465778;2.096400542798351;4582797;10274;60;1591.8016672455715;621.3345580219684;97.90359945720165;1788;2879;38.31154917505892;61.68845082494108;1150.8949230280161;1147.4704600822213;1
1659101497;4.9968039989471436;99.92306508693645;0.07693491306354824;134863;471;54;54.64465153970826;13.379366277759814;2.0582502697902254;6417450;10274;60;1591.6294642857142;620.7955220788117;97.94174973020978;2468;4032;37.96923076923077;62.03076923076923;1311.300783737087;1300.831491763453;1
1659101498;2.361865997314453;100.0;0.0;90504;54;54;54.0;0.0;1.6618728497601132;5355400;10274;60;1608.2282282282283;659.1031693507219;98.33812715023988;1676;3330;33.479824210946866;66.52017578905314;2305.7633270440556;2119.510592765231;1
1659101517;4.997504949569702;99.88665344290168;0.11334655709832814;139037;471;54;54.63143418467583;13.115810428705492;1.8986940734175728;7183733;8814;60;1591.7866164413915;620.5537552065755;98.10130592658243;2545;4513;36.058373476905636;63.941626523094364;1465.2851920898065;1412.3047543169941;1
1659101518;1.4331398010253906;100.0;0.0;57348;54;54;54.0;0.0;1.6748611656680914;3366697;8814;60;1599.380997624703;647.3263917324975;98.32513883433191;1062;2105;33.533312282917585;66.46668771708241;2389.191199316456;2209.8332610217494;1
1659101529;4.996180057525635;99.8791394730481;0.12086052695189752;84577;471;54;55.02732595966168;16.852586432724713;2.0486271918520944;4043895;5894;60;1554.7462514417532;359.5679964185396;97.95137280814791;1537;2601;37.14354760753987;62.85645239246013;826.3257033303623;828.2327602999461;1
1659101530;3.3977389335632324;100.0;0.0;79056;54;54;54.0;0.0;1.7093651179761615;4545819;7354;60;1566.9834539813858;358.3435142553769;98.29063488202384;1464;2901;33.539518900343644;66.46048109965636;1361.162552636103;1284.6778652950813;1
1659101542;3.511726140975952;99.7949138638228;0.20508613617719443;54553;471;54;55.60958205912334;21.0761367604102;2.3526951001511596;2264192;10274;60;1552.943758573388;447.29982650279703;97.64730489984883;981;1458;40.22140221402214;59.77859778597786;660.2863967506282;694.5302401405856;1
1659101589;4.998404026031494;99.74059662775616;0.2594033722438392;51301;471;54;55.7014115092291;21.72903507744374;2.27536629134943;2203325;5894;60;1582.84841954023;428.14857554793537;97.72463370865057;921;1392;39.81841763942931;60.18158236057069;451.06917893351465;462.74770665876264;1
1659101601;3.4899301528930664;99.38556067588326;0.6144393241167435;25691;471;54;57.60313901345292;31.188256058445287;0.39718502783588194;6442579;42394;60;7526.377336448598;7074.161041169337;99.60281497216411;446;856;34.254992319508446;65.74500768049155;1853.4095860451428;373.0733690818064;1
1659101617;4.603713035583496;99.7372569626905;0.2627430373095113;33560;471;54;56.689189189189186;27.24672043820287;0.29850324106387055;11209199;62834;60;8543.596798780487;7578.5446557831865;99.70149675893613;592;1312;31.092436974789916;68.90756302521008;2442.1068196695364;413.5792099297688;1
1659101627;4.478372097015381;99.47848761408083;0.5215123859191656;29971;471;54;57.08761904761905;28.95198609925128;0.34036217779100164;8775649;62834;60;8697.372646184342;7522.393761210289;99.65963782220899;525;1009;34.22425032594524;65.77574967405477;1966.254658890118;342.53518170639217;1
1659101642;4.996338129043579;100.0;0.0;48006;54;54;54.0;0.0;0.3037485094455878;15756516;43854;1514;9086.80276816609;5386.116611390658;99.69625149055442;889;1734;33.89248951582158;66.10751048417842;3163.2210614667447;524.9844850877029;1
1659101643;2.437379837036133;100.0;0.0;20628;54;54;54.0;0.0;0.29139984797143864;7058305;52614;60;8442.948564593302;6097.561970507358;99.70860015202857;382;836;31.362889983579638;68.63711001642037;2904.3208171476554;499.7169425513484;1
1659101659;0.44582104682922363;100.0;0.0;3456;54;54;54.0;0.0;0.24858409205667373;1386818;45314;60;6798.1274509803925;5389.085126980619;99.75141590794333;64;204;23.880597014925375;76.11940298507463;3118.4575288401734;601.1380617987293;1
1659101673;4.909096002578735;99.69897652016857;0.30102347983142685;31004;471;54;56.888073394495414;28.159086288138663;0.3982495721296204;7754064;42394;60;6941.865711727843;5472.214599058705;99.60175042787039;545;1117;32.79181708784597;67.20818291215403;1585.845539771584;338.55520428342726;1
1659101683;0.6775240898132324;100.0;0.0;5940;54;54;54.0;0.0;0.2492209746721842;2377487;49694;60;10709.4009009009;8187.101560978277;99.75077902532782;110;222;33.13253012048193;66.86746987951807;3517.8483478823905;490.01947678571804;1
1659101697;4.304290056228638;99.69325153374233;0.3067484662576687;31242;471;54;57.21978021978022;30.84074590578189;0.31790914648690144;9796094;46774;60;9028.658064516128;7657.517437069531;99.6820908535131;546;1085;33.47639484978541;66.52360515021459;2283.149107430409;378.9242775681016;1
1659101710;4.404236078262329;99.63898916967509;0.36101083032490977;29011;471;54;57.10826771653543;29.22243623718381;0.3718630027524092;7772518;49694;60;8852.526195899773;7625.423933624936;99.6281369972476;508;878;36.65223665223665;63.34776334776335;1771.3693955929032;314.69702699198626;1
1659101721;4.981955051422119;99.50149551345962;0.4985044865403789;21829;471;54;58.21066666666667;33.9554740427638;0.3453255209940009;6299453;62834;60;10015.028616852147;8469.439800871192;99.654674479006;375;629;37.35059760956175;62.64940239043825;1268.8356146841518;201.5273099891586;1
1659101732;0.36302709579467773;100.0;0.0;3672;54;54;54.0;0.0;0.27026211450664284;1355009;35094;60;10343.580152671755;7708.8806599962745;99.72973788549336;68;131;34.17085427135678;65.82914572864321;3742.643498898628;548.1684488712413;1
1659101745;0.19203495979309082;100.0;0.0;702;54;54;54.0;0.0;0.261750822166044;267492;29254;60;8359.125;7485.280039797679;99.73824917783395;13;32;28.88888888888889;71.11111111111111;1396.5894558416196;234.3323322403666;1
1659101755;4.946774959564209;99.64614295824487;0.35385704175513094;27341;471;54;57.318658280922435;30.201826839025742;0.37018147029239884;7358496;43854;60;7853.250800426895;7461.250219622025;99.6298185297076;477;937;33.73408769448373;66.26591230551627;1493.0610469190744;285.84279890601044;1
facebook;0.15633797645568848;91.48936170212765;8.51063829787234;2180;464;54;90.83333333333333;92.04519998663542;2.9859741398202937;70828;17574;60;3079.478260869565;4707.949311049878;97.0140258601797;24;23;51.06382978723404;48.93617021276596;466.9882625779857;300.63073007294173;1
facebook1;0.21007704734802246;100.0;0.0;1965;464;54;93.57142857142857;99.12344396184558;2.7330384711674873;69933;16758;60;3496.65;4582.71437922755;97.26696152883251;21;20;51.21951219512195;48.78048780487805;342.2458612572308;195.16649018813405;1
facebook10;0.16115999221801758;91.48936170212765;8.51063829787234;2194;464;54;91.41666666666667;92.85421798228364;3.0321457198927555;70164;16114;60;3050.608695652174;4458.524121267143;96.96785428010725;24;23;51.06382978723404;48.93617021276596;448.9823994413821;291.635655680712;1
facebook11;0.1929619312286377;92.15686274509804;7.8431372549019605;2338;464;54;89.92307692307692;92.01561740353564;3.1881528349742276;70996;8814;60;2839.84;3364.733950354272;96.81184716502577;26;25;50.98039215686274;49.01960784313726;380.0438746288647;264.3008373479164;1
facebook12;0.1584320068359375;91.11111111111111;8.88888888888889;2146;464;54;93.30434782608695;94.9671880094329;2.970242214532872;70104;17574;60;3186.5454545454545;4787.722798269924;97.02975778546713;23;22;51.111111111111114;48.888888888888886;456.0315900992006;284.03351632476165;1
facebook2;0.1522979736328125;100.0;0.0;1962;464;54;98.1;105.13895567295691;2.7348378193780403;69779;17574;60;3672.5789473684213;5031.665002934355;97.26516218062196;20;19;51.282051282051285;48.717948717948715;471.0568255685803;256.0769461977758;1
facebook3;0.17925214767456055;100.0;0.0;1980;464;54;94.28571428571429;100.12898823874276;2.7573145427453385;69829;16758;60;3491.45;4694.721699895925;97.24268545725467;21;20;51.21951219512195;48.78048780487805;400.6032894533131;228.72808237944875;1
facebook4;0.14039897918701172;100.0;0.0;2099;464;54;91.26086956521739;96.94619753962145;2.884747533052967;70663;14654;60;3211.9545454545455;4136.206445493293;97.11525246694703;23;22;51.111111111111114;48.888888888888886;518.2516313247611;320.5151508976423;1
facebook5;0.16650795936584473;90.69767441860465;9.30232558139535;2098;464;54;95.36363636363636;97.20255995773807;2.875863581533063;70854;13974;60;3374.0;4407.734145794186;97.12413641846693;22;21;51.16279069767442;48.83720930232558;438.1292058220036;258.24591307087064;1
facebook6;0.2304999828338623;91.83673469387755;8.16326530612245;2259;464;54;90.36;91.88937189178445;3.087330873308733;70911;13974;60;2954.625;3779.5853558236413;96.91266912669127;25;24;51.02040816326531;48.97959183673469;317.4403707124734;212.58136073406035;1
facebook7;0.1817619800567627;97.82608695652173;2.1739130434782608;2170;464;54;90.41666666666667;93.05674597262949;2.9781919492746662;70693;12582;60;3073.608695652174;4303.069451398306;97.02180805072534;24;23;51.06382978723404;48.93617021276596;400.87041292819055;258.57992956129937;1
facebook8;0.17136001586914062;90.69767441860465;9.30232558139535;2107;464;54;95.77272727272727;97.82634362222429;2.8882400515414455;70844;16758;60;3373.5238095238096;4732.4079559886595;97.11175994845856;22;21;51.16279069767442;48.83720930232558;425.7177476903898;250.93368357783666;1
facebook9;0.18921685218811035;91.11111111111111;8.88888888888889;2149;464;54;93.43478260869566;95.16102433958814;2.946580376240882;70783;16758;60;3217.409090909091;4599.50102530896;97.05341962375911;23;22;51.111111111111114;48.888888888888886;385.4413555484714;237.822368777508;1
instagram;0.26169300079345703;91.83673469387755;8.16326530612245;2067;465;54;82.68;86.33303732252985;1.785930290829287;113671;16758;60;4736.291666666667;5396.87276984001;98.21406970917072;25;24;51.02040816326531;48.97959183673469;442.2663183542574;187.2423024361801;1
instagram1;0.2558860778808594;100.0;0.0;1902;465;54;82.69565217391305;90.88025827358501;1.5347992737542868;122023;16758;60;5546.5;6467.696504276354;98.46520072624571;23;22;51.111111111111114;48.888888888888886;484.2975476676754;175.85950893722327;1
instagram2;0.23004508018493652;91.83673469387755;8.16326530612245;2269;465;54;90.76;92.54651082924016;1.8693975744793039;119107;15366;60;4962.791666666667;5846.19736669592;98.13060242552069;25;24;51.02040816326531;48.97959183673469;527.6183255143909;213.00172975056975;1
instagram3;0.2629079818725586;97.82608695652173;2.1739130434782608;2188;465;54;91.16666666666667;93.93923413646147;1.8132095798458605;118482;20934;60;5151.391304347826;6768.7011896276235;98.18679042015414;24;23;51.06382978723404;48.93617021276596;458.98188081065297;178.76977209000322;1
instagram4;0.40344715118408203;100.0;0.0;2091;465;54;90.91304347826087;96.52550913123162;1.7315766373791996;118666;16758;60;5393.909090909091;6011.1449896488175;98.2684233626208;23;22;51.111111111111114;48.888888888888886;299.3130566062712;111.53877247101371;1
instagram5;0.5439529418945312;92.45283018867924;7.547169811320755;2676;465;54;102.92307692307692;97.94648460334781;2.1133434420015162;123948;16758;60;4590.666666666667;6077.856928733502;97.88665655799848;26;27;49.056603773584904;50.943396226415096;232.7848426722022;97.43489908411294;1
instagram6;0.22144389152526855;92.45283018867924;7.547169811320755;2212;465;54;81.92592592592592;85.74421977644455;1.8632389359659023;116506;16758;60;4481.0;5263.146252955546;98.1367610640341;27;26;50.943396226415096;49.056603773584904;536.1087144119905;239.33827948445472;1
instagram7;0.2847440242767334;91.83673469387755;8.16326530612245;2271;465;54;90.84;92.67401649509603;1.8698591224588936;119182;19542;60;4965.916666666667;6469.641492094588;98.13014087754111;25;24;51.02040816326531;48.97959183673469;426.5339731307717;172.08438394611753;1
instagram8;0.32541394233703613;91.11111111111111;8.88888888888889;1976;465;54;85.91304347826087;90.8409764586036;1.7101562161928252;113569;16758;60;5162.227272727273;5695.619276767668;98.28984378380717;23;22;51.111111111111114;48.888888888888886;355.07083430472164;138.28540866080291;1
linkedln1;1.0085370540618896;94.87179487179488;5.128205128205129;4023;765;54;121.9090909090909;180.87536517522977;7.6889262642865335;48299;2112;60;1073.3111111111111;627.1025659992376;92.31107373571346;33;45;42.30769230769231;57.69230769230769;51.87910527359684;77.33974640381777;1
linkedln2;0.8357799053192139;95.18072289156626;4.819277108433735;4027;729;54;115.05714285714286;167.9949128881661;6.68026940048439;56255;3971;60;1171.9791666666667;765.4583799734844;93.31973059951561;35;48;42.16867469879518;57.83132530120482;72.12664436694752;99.3084416982954;1
linkedln3;1.7103688716888428;100.0;0.0;6561;464;54;61.3177570093458;46.14979673105569;3.7525523189640873;168280;7099;60;1450.6896551724137;861.2970039048854;96.24744768103591;107;116;47.98206278026906;52.01793721973094;102.22414760586673;130.38123161105395;1
linkedln4;0.4789729118347168;100.0;0.0;3831;777;54;127.7;192.3076109814151;7.297420854127776;48667;1514;60;1131.7906976744187;560.5134363174167;92.70257914587222;30;43;41.0958904109589;58.9041095890411;109.60536327389622;152.40945405528637;1
linkedln5;0.7762341499328613;100.0;0.0;3934;738;54;115.70588235294117;172.7966977468845;7.5218447066021685;48367;1514;60;1099.25;574.6164797821319;92.47815529339783;34;44;43.58974358974359;56.41025641025641;67.37786530587924;100.48514357007669;1
linkedln6;0.5068509578704834;94.02985074626865;5.970149253731344;3693;763;54;136.77777777777777;196.87448819632291;7.139404952925938;48034;5417;60;1200.85;970.689354570721;92.86059504707406;27;40;40.298507462686565;59.701492537313435;102.05564218982477;132.18876073845883;1
linkedln7;0.695289134979248;94.73684210526316;5.2631578947368425;3880;734;54;121.25;175.9967008488438;7.472891508252923;48041;2974;60;1091.840909090909;654.6365205986295;92.52710849174707;32;44;42.10526315789474;57.89473684210526;74.67540824084597;109.3070438994683;1
linkedln8;0.7762880325317383;100.0;0.0;3798;766;54;126.6;189.55203088807332;7.356045786446128;47833;2974;60;1166.658536585366;763.7007794207133;92.64395421355387;30;41;42.25352112676056;57.74647887323944;66.5101068628017;91.46089727603419;1
linkedln9;1.123485803604126;100.0;0.0;3675;761;54;131.25;194.0957428884194;7.13827865509003;47808;2974;60;1166.0487804878048;747.2403880686427;92.86172134490997;28;41;40.57971014492754;59.42028985507246;45.82434405031491;61.415996338048075;1
messenger1;0.2038111686706543;89.33333333333333;10.666666666666666;3543;465;54;93.23684210526316;97.5021646912924;4.4940257236358105;75295;16758;60;2035.0;3567.301867113451;95.50597427636419;38;37;50.666666666666664;49.333333333333336;386.8188407643014;367.9876843314468;1
messenger2;0.18057513236999512;93.65079365079364;6.349206349206349;3211;465;54;97.3030303030303;104.30858211590407;4.118884527566125;74747;16758;60;2411.1935483870966;4118.478832605996;95.88111547243388;33;31;51.5625;48.4375;431.7205751247381;354.42310998208313;1
messenger3;0.25066709518432617;88.57142857142857;11.428571428571429;3434;465;54;95.38888888888889;99.74747480592545;4.369735067314789;75152;12714;60;2210.3529411764707;3685.214988032773;95.63026493268521;36;34;51.42857142857143;48.57142857142857;313.5074427786877;279.25484175945;1
messenger4;0.20743513107299805;88.73239436619718;11.267605633802816;3434;465;54;95.38888888888889;99.74747480592545;4.36612376193564;75217;16758;60;2149.057142857143;3727.9248914964282;95.63387623806436;36;35;50.70422535211268;49.29577464788732;379.1594972035961;342.27567737797773;1
messenger5;0.22891688346862793;89.87341772151899;10.126582278481013;3658;465;54;91.45;95.62478758146342;4.618861825574201;75539;8406;60;1936.8974358974358;2785.730073398239;95.3811381744258;40;39;50.63291139240506;49.36708860759494;345.9639970629497;345.10342270506493;1
messenger6;0.2842721939086914;88.73239436619718;11.267605633802816;3443;465;54;95.63888888888889;100.09485580553158;4.403432707925667;74746;16541;60;2135.6;3863.477024345694;95.59656729207433;36;35;50.70422535211268;49.29577464788732;275.0497645405108;249.76062211278142;1
messenger7;0.23041605949401855;89.1891891891892;10.81081081081081;3550;465;54;93.42105263157895;97.76796346423043;4.493614004886014;75451;11734;60;2095.8611111111113;3188.17214226744;95.50638599511399;38;36;51.351351351351354;48.648648648648646;342.86238630016504;321.1581699752182;1
messenger8;0.23716115951538086;88.57142857142857;11.428571428571429;3446;465;54;95.72222222222223;100.21537125072498;4.426290573259862;74407;11190;60;2188.4411764705883;3195.3791845098094;95.57370942674014;36;34;51.42857142857143;48.57142857142857;328.2704476529215;295.1579429913363;1
real_dicord1;4.9990599155426025;54.74576271186441;45.25423728813559;72889;1514;54;296.2967479674797;390.595533467667;19.214030204057963;306464;1514;54;890.8837209302326;668.465492542167;80.78596979594204;246;344;41.69491525423729;58.30508474576271;75.88486763692343;118.02219016532048;2
real_discord10;4.991918087005615;2.6548672566371683;97.34513274336283;43531;718;70;239.1813186813187;99.17613709162714;42.64734697076573;58541;343;54;216.81851851851852;61.54606904504483;57.35265302923427;182;270;40.26548672566372;59.73451327433628;20.447450903832344;90.54635755674641;2
real_discord11;4.074109077453613;1.8867924528301887;98.11320754716981;5949;257;85;180.27272727272728;75.77527331164531;12.706651287966167;40869;306;60;228.31843575418995;48.62773340354612;87.29334871203383;33;179;15.566037735849056;84.43396226415095;11.49159217633467;52.03591655737003;2
real_discord12;4.999152183532715;4.158004158004158;95.84199584199584;16733;266;85;185.92222222222222;69.91796602114746;10.72202073534877;139329;712;54;356.3401534526854;126.74520938289879;89.27797926465122;90;391;18.71101871101871;81.28898128898129;31.21769337490278;96.2163147552142;2
real_discord13;4.979748964309692;4.143126177024482;95.48022598870057;16577;304;54;182.16483516483515;78.35478624482698;10.175744443148545;146330;706;54;332.5681818181818;114.95125196908782;89.82425555685145;91;440;17.137476459510356;82.86252354048965;32.7138980634504;106.63188120640712;2
real_discord14;4.999751091003418;2.3529411764705883;97.6470588235294;52278;271;70;231.31858407079645;44.139428680131964;32.67844752683198;107699;692;54;379.2218309859155;101.54201596296444;67.32155247316801;226;284;44.31372549019608;55.68627450980392;31.996992867877676;102.00507799632207;2
real_discord15;4.9801859855651855;2.3769100169779285;97.62308998302207;161273;582;54;307.18666666666667;109.34886836507567;93.41902522098775;11361;285;60;177.515625;75.64956638898381;6.580974779012245;525;64;89.13412563667232;10.865874363327674;34.66416726210041;118.26867544850461;2
real_discord16;4.998367071151733;1.8975332068311195;98.10246679316889;23438;718;85;339.6811594202899;244.93381415452427;13.46183668663523;150669;710;54;328.971615720524;128.77662568906192;86.53816331336478;69;458;13.092979127134726;86.90702087286527;34.832775888922846;105.43443338557519;2
real_discord17;4.980379104614258;1.702127659574468;98.01418439716312;194115;710;54;301.42080745341616;130.3759306731133;94.28916996968991;11757;268;60;192.7377049180328;72.55110879909515;5.710830030310095;644;61;91.34751773049645;8.652482269503546;41.33661226898615;141.55548908853675;2
real_discord18;4.972262859344482;1.8867924528301887;98.11320754716981;142258;690;54;286.81048387096774;114.82191908336848;96.57115315425398;5051;243;54;148.55882352941177;80.98155090175023;3.428846845746017;497;34;93.5969868173258;6.4030131826742;29.626148932001648;106.79242329316521;2
real_discord19;4.991001844406128;2.25140712945591;97.74859287054409;31942;300;54;223.37062937062936;54.3758021888929;19.642593594726225;130674;656;54;335.0615384615385;111.05968338101508;80.35740640527378;143;390;26.829268292682926;73.17073170731707;32.5818352846851;106.7921865421432;2
real_discord2;4.999969959259033;8.615384615384615;91.38461538461539;13833;1376;54;209.5909090909091;193.9294857790982;18.47207755788799;61053;1514;54;235.72586872586874;151.39144723929257;81.52792244211201;66;259;20.307692307692307;79.6923076923077;14.97728998577777;65.00039053197894;2
real_discord20;4.980255842208862;3.902439024390244;96.09756097560975;149456;534;85;298.31536926147703;104.66111189603029;88.3414115143634;19724;267;54;173.01754385964912;80.01238648093285;11.6585884856366;501;114;81.46341463414635;18.536585365853657;33.97014237022904;123.48763185773059;2
real_discord21;4.983822822570801;4.183266932270916;95.81673306772909;124549;564;54;286.97926267281105;113.0432974476526;89.45493460508077;14682;756;54;215.91176470588235;96.47561524622603;10.545065394919234;434;68;86.45418326693228;13.54581673306773;27.936587025013985;100.72589212572645;2
real_discord22;4.998064041137695;5.8441558441558445;92.85714285714286;32473;694;55;233.61870503597123;104.41759775081042;47.050044915819065;36545;333;54;216.24260355029585;62.079300919912;52.949955084180935;139;169;45.12987012987013;54.87012987012987;13.808946710552677;61.62386025167673;2
real_discord23;4.998741865158081;3.5242290748898677;96.0352422907489;41929;694;46;218.38020833333334;85.79267731330363;88.97400530503978;5196;265;54;148.45714285714286;84.50803750745455;11.025994694960213;192;35;84.58149779735683;15.418502202643172;9.42737218108175;45.411426739640476;2
real_discord24;4.995030879974365;5.095541401273885;94.90445859872611;66022;331;58;204.40247678018576;65.11799319178049;68.9488799540494;29733;330;54;200.89864864864865;78.91782860438327;31.051120045950604;323;148;68.57749469214437;31.422505307855626;19.170051657516765;94.29371135387599;2
real_discord25;4.991912841796875;2.242152466367713;97.30941704035874;22262;279;85;202.38181818181818;69.65576983921177;14.847173221467111;127679;710;54;379.9970238095238;136.6564818110235;85.15282677853288;110;336;24.663677130044842;75.33632286995515;30.03678244230475;89.34450863518263;2
real_discord26;4.9927380084991455;1.6597510373443984;97.78699861687413;35153;718;60;228.26623376623377;139.02146550801888;16.64338842779564;176060;714;54;309.4200351493849;129.20397273194456;83.35661157220436;154;569;21.300138312586444;78.69986168741356;42.304042319154696;144.8103222659062;2
real_discord27;4.988774061203003;1.1857707509881423;98.81422924901186;137311;671;85;328.4952153110048;126.97170600465644;87.13290352057263;20277;272;54;227.8314606741573;54.92168721235061;12.867096479427367;418;89;82.44575936883629;17.554240631163708;31.588522163298556;101.62817433302261;2
real_discord3;4.991077899932861;4.23572744014733;95.39594843462247;41586;1386;54;228.4945054945055;128.11112869540437;25.71608785989908;120126;1242;54;332.7590027700831;171.444354701468;74.28391214010092;182;361;33.51749539594844;66.48250460405157;32.40021559314378;108.79413443082191;2
real_discord4;4.995572090148926;1.7660044150110374;97.7924944812362;19868;267;55;213.63440860215053;63.59156099095234;14.10318294102615;121008;677;54;336.1333333333333;105.71741383397406;85.89681705897385;93;360;20.52980132450331;79.47019867549669;28.20017356526633;90.68030484302257;2
real_discord5;4.975400924682617;3.7162162162162162;96.28378378378379;15626;280;54;186.02380952380952;79.0653193725375;10.175694507755825;137936;576;54;271.5275590551181;90.21071775556831;89.82430549224418;84;508;14.18918918918919;85.8108108108108;30.864246384284254;118.98538609484298;2
real_discord6;4.888778924942017;1.1904761904761905;98.80952380952381;17251;270;70;212.97530864197532;63.36796811257285;23.44013261590304;56345;332;60;220.9607843137255;59.63107074175028;76.55986738409696;81;255;24.107142857142858;75.89285714285714;15.054065878193272;68.72881861885074;2
real_discord7;4.98921012878418;2.957486136783734;96.85767097966728;41934;806;46;239.62285714285716;104.81321943725092;25.605109542534745;121838;673;54;332.89071038251365;113.14332804275233;74.39489045746525;175;366;32.34750462107209;67.65249537892791;32.82523601384366;108.4339977742802;2
real_discord8;4.996752977371216;2.6871401151631478;97.31285988483685;139771;712;54;315.510158013544;102.56240462412465;90.98785925853595;13844;253;54;177.48717948717947;76.91194891203763;9.01214074146405;443;78;85.02879078694818;14.971209213051823;30.742964620359643;104.26771192401377;2
real_discord9;4.995437860488892;3.2719836400817996;96.7280163599182;26146;350;58;207.5079365079365;62.49118287012926;25.11309826822779;77967;309;54;214.78512396694214;62.65068552599289;74.88690173177221;126;363;25.766871165644172;74.23312883435582;20.84161647239682;97.88931694410923;2
real_fb1;4.987221002578735;3.8397328881469117;96.16026711185309;29567;1466;74;304.8144329896907;434.28778692573457;4.662932157467599;604519;1294;74;1201.8270377733597;312.38851701418747;95.3370678425324;97;503;16.166666666666668;83.83333333333333;127.14214984099041;120.30748179993604;1
real_fb10;4.890120029449463;0.5059523809523809;99.43452380952381;111462;1466;74;191.84509466437177;240.5123842912209;3.1107456948230707;3471666;1294;74;1249.2500899604174;223.8356555945336;96.88925430517693;581;2779;17.291666666666668;82.70833333333333;732.7280268012959;687.0996989368938;1
real_fb11;4.850791931152344;2.8112449799196786;97.18875502008032;41477;1292;74;402.68932038834953;486.751376507439;23.147455716406416;137709;1294;74;943.2123287671233;527.2860273187351;76.85254428359359;103;146;41.36546184738956;58.63453815261044;36.93953534664039;51.33182448022422;1
real_fb12;4.8146071434021;0.984251968503937;99.01574803149606;243650;1466;74;196.6505246166263;225.152189917226;3.5935624127973003;6536530;1294;74;1218.3653308480896;281.14616401271365;96.4064375872027;1239;5365;18.761356753482737;81.23864324651726;1408.2519711481561;1371.6591620668512;1
real_fb13;3.9382481575012207;93.33333333333333;0.0;1548;285;74;110.57142857142857;55.08415140731259;19.120553359683793;6548;1466;74;409.25;579.9163732815275;80.8794466403162;14;16;46.666666666666664;53.333333333333336;2.0557363772466872;7.617600212129522;1
real_fb16;2.854811906814575;100.0;0.0;364;110;74;91.0;19.697715603592208;13.751416698148848;2283;1466;74;456.6;583.0006861059428;86.24858330185116;4;5;44.44444444444444;55.55555555555556;0.9272064452587864;3.1525719710347855;1
real_fb17;3.2777061462402344;100.0;0.0;434;106;74;86.8;17.527121840165314;58.333333333333336;310;106;102;103.33333333333333;2.3094010767585034;41.666666666666664;5;3;62.5;37.5;0.22698801137296024;2.440731305085594;1
real_fb18;0.0;100.0;0.0;1466;1466;1466;1466.0;nan;100.0;0;0;nan;nan;nan;0.0;1;0;100.0;0.0;inf;inf;1
real_fb19;4.4895570278167725;19.130434782608695;77.3913043478261;16797;1292;74;342.7959183673469;438.19963009606306;26.026123739134476;47742;1466;74;723.3636363636364;586.7502321814922;73.97387626086552;49;66;42.608695652173914;57.391304347826086;14.375360330679369;25.61499927219398;1
real_fb2;0.8150830268859863;23.076923076923077;76.92307692307692;3844;1292;97;549.1428571428571;559.3160789665144;83.71080139372822;748;238;74;124.66666666666667;57.28059590006608;16.28919860627178;7;6;53.84615384615385;46.15384615384615;5.6337818952551055;15.949295435173426;1
real_fb3;4.159912109375;50.0;50.0;2631;1285;74;263.1;395.61947205195384;59.53835709436524;1788;878;74;178.8;246.16787406609788;40.46164290563476;10;10;50.0;50.0;1.062282058806268;4.807793884617642;1
real_fb4;4.752920866012573;6.73828125;93.26171875;67230;1466;74;351.9895287958115;452.8587904637638;6.491355962478939;968455;1294;74;1162.611044417767;355.4308666049792;93.50864403752107;191;833;18.65234375;81.34765625;217.90495343737547;215.4464652088931;1
real_fb5;4.993852853775024;17.142857142857142;82.85714285714286;42902;1466;74;752.6666666666666;570.0911372420245;66.26610237558309;21840;1294;74;455.0;513.9083451687105;33.73389762441692;57;48;54.285714285714285;45.714285714285715;12.96433873718552;21.025849794638404;1
real_fb6;4.95159387588501;7.522123893805309;91.59292035398231;41678;1466;74;443.3829787234043;504.38867728337925;30.249453843418177;96103;1294;74;728.0530303030303;565.2560092072844;69.75054615658182;94;132;41.5929203539823;58.4070796460177;27.825585751491804;45.641869197038396;1
real_fb7;4.307895183563232;36.111111111111114;63.888888888888886;7400;1292;74;435.29411764705884;509.27801404364135;49.587884473631306;7523;1294;74;395.94736842105266;504.4509087099016;50.412115526368694;17;19;47.22222222222222;52.77777777777778;3.4641047110288765;8.356749286138147;1
real_fb8;1.9689440727233887;4.395604395604396;95.6043956043956;14186;1292;74;417.2352941176471;474.0343331654447;24.127491666099736;44610;1294;74;782.6315789473684;559.1185866924496;75.87250833390027;34;57;37.362637362637365;62.637362637362635;29.861691256001503;46.21766624083504;1
real_fb9;4.58704686164856;18.806875631951467;81.19312436804853;56055;1466;74;235.5252100840336;351.65111059284214;6.35090581557391;826575;1466;74;1100.6324900133156;426.28743756178363;93.64909418442609;238;751;24.064711830131447;75.93528816986856;192.41791649863103;215.6071280345627;1
real_movie1;3.6614201068878174;1.6736401673640167;98.04741980474198;12902;1292;74;114.17699115044248;126.99256376489242;1.6580116454049998;765259;1292;60;1266.9850993377484;167.23604665259853;98.341988354595;113;604;15.760111576011157;84.23988842398884;212.52983194584345;195.82565755051942;3
real_movie2;2.9522440433502197;3.1994554118447924;96.5282505105514;18675;582;54;107.32758620689656;72.80397021133523;1.161715818494889;1588861;1514;60;1226.9196911196912;229.89368157551323;98.83828418150512;174;1295;11.844792375765827;88.15520762423418;544.5132503936771;497.58759046659713;3
real_movie3;1.9225659370422363;92.85714285714286;7.142857142857143;1961;523;55;130.73333333333332;155.4015382653534;64.6554566435872;1072;86;60;82.46153846153847;8.723678358500162;35.34454335641279;15;13;53.57142857142857;46.42857142857143;1.5775791828841546;14.563869805722495;3
real_movie4;3.9985859394073486;54.54545454545455;9.090909090909092;709;312;75;118.16666666666667;95.11133826556465;62.68788682581786;422;86;78;84.4;3.5777087639996634;37.31211317418214;6;5;54.54545454545455;45.45454545454545;0.28284999175674375;2.750972510454625;3
real_movie5;0.4985218048095703;0.0;100.0;7663;234;95;97.0;15.644282973137177;0.7914531733006686;960556;1292;88;1280.7413333333334;102.42874248930069;99.20854682669933;79;750;9.529553679131483;90.47044632086852;1942.179841802203;1662.9162295452024;3
real_movie6;4.921489000320435;5.459057071960298;94.5409429280397;26008;1514;54;174.5503355704698;259.7303028517875;1.9108327051566327;1335074;1514;60;1259.5037735849057;181.21144892327882;98.08916729484336;149;1060;12.324234904880067;87.67576509511993;276.55898446819265;245.65736099812128;3
real_movie7;1.673464059829712;0.8913649025069638;98.99721448467966;17318;239;60;95.67955801104972;13.975258766167386;0.8321136879290181;2063888;1292;54;1278.7410161090459;112.23058736124683;99.16788631207098;181;1614;10.083565459610028;89.91643454038997;1243.6514472929757;1072.6253662015636;3
real_movie8;3.710165023803711;18.181818181818183;81.81818181818181;6114;520;54;291.14285714285717;117.38794048550545;87.10642541672603;905;905;905;905.0;nan;12.89357458327397;21;1;95.45454545454545;4.545454545454546;1.891829596518601;5.9296553815941335;3
real_movie9;4.506716966629028;8.695652173913043;82.6086956521739;5621;441;46;255.5;124.92426276977355;98.94384791409963;60;60;60;60.0;nan;1.0561520859003697;22;1;95.65217391304348;4.3478260869565215;1.2605628536396245;5.103493334573378;3
real_wiki1;0.033967018127441406;100.0;0.0;933;571;54;155.5;205.92207263914182;16.400070311126736;4756;1514;66;792.6666666666666;634.3165350727243;83.59992968887326;6;6;50.0;50.0;167.48600005615296;353.2838812926411;1
real_wiki2;4.996685981750488;100.0;0.0;3564;430;54;77.47826086956522;67.90376822482266;5.5919039774064485;60171;1514;54;1253.5625;519.589236545603;94.40809602259355;47;48;49.473684210526315;50.526315789473685;12.755454361707102;19.012601621749035;1
real_wiki4;4.544948101043701;100.0;0.0;1726;227;54;115.06666666666666;65.42221844806751;9.023892926229937;17401;1514;54;870.05;619.109587697483;90.97610707377007;15;20;42.857142857142854;57.142857142857146;4.208408891535567;7.700858012429802;1
real_wiki5;1.214958906173706;100.0;0.0;7516;202;54;61.10569105691057;27.38816694592521;2.281343430817562;321939;1514;54;1463.3590909090908;259.4004558444732;97.71865656918244;123;220;35.8600583090379;64.1399416909621;271.16554998354565;282.3140751979971;1
real_wiki6;0.07259893417358398;100.0;0.0;3170;173;54;64.6938775510204;31.582038725643205;4.798377331072899;62894;1514;54;1397.6444444444444;368.2216572784508;95.2016226689271;49;45;52.12765957446808;47.87234042553192;909.9858111145411;1294.7848487037852;1
real_wiki7;0.09735107421875;100.0;0.0;2174;902;54;197.63636363636363;278.463021863684;21.796671345498297;7800;1514;54;780.0;662.2778872950538;78.2033286545017;11;10;52.38095238095238;47.61904761904762;102.45392852664577;215.7141065830721;1
real_youtube10;2.893795967102051;0.0;99.95119570522206;26847;1292;46;131.60294117647058;193.4367533026045;1.1224159599045778;2365047;1292;88;1281.8682926829267;106.29276731495789;98.87758404009543;204;1845;9.956076134699854;90.04392386530014;826.5593107434339;708.066506171802;3
real_youtube11;4.7426369190216064;6.25;81.25;2391;1285;58;265.6666666666667;387.37804532523523;66.82504192286193;1187;650;60;169.57142857142858;212.59496477484845;33.174958077138065;9;7;56.25;43.75;0.7544326207324621;3.37365062373376;3
real_youtube12;3.47383713722229;0.0;99.88525530694206;25151;1292;86;120.33971291866028;160.7921328978513;1.261585180198866;1968452;1292;78;1283.2151238591916;96.09831685840246;98.73841481980114;209;1534;11.990820424555364;88.00917957544463;573.8907499832021;501.75063802608713;3
real_youtube13;2.7130720615386963;0.0;90.9090909090909;1572;1023;58;224.57142857142858;353.23403815924325;78.9552988448016;419;149;88;104.75;29.635283025474887;21.044701155198393;7;4;63.63636363636363;36.36363636363637;0.7338544479614083;4.054444463875184;3
real_youtube14;3.14449405670166;0.081799591002045;99.91820040899796;31228;1292;55;115.23247232472325;141.34452725906013;1.106402879736969;2791252;1292;60;1283.9245630174794;94.81197424074132;98.89359712026302;271;2174;11.083844580777097;88.9161554192229;897.5943185469306;777.549569473387;3
real_youtube15;1.2294869422912598;0.0;100.0;440;172;58;110.0;60.597029630172464;100.0;0;0;nan;nan;nan;0.0;4;0;100.0;0.0;0.3578728531919341;3.2533895744721284;3
real_youtube16;4.2359299659729;0.16611295681063123;99.83388704318936;13716;1285;74;116.23728813559322;147.05291087806174;0.9791393910147043;1387106;1292;74;1277.2615101289134;129.70999105634544;99.0208606089853;118;1086;9.800664451827242;90.19933554817275;330.6999906166442;284.235105318477;3
real_youtube17;0.0005650520324707031;0.0;100.0;266;143;123;133.0;14.142135623730951;100.0;0;0;nan;nan;nan;0.0;2;0;100.0;0.0;470.7531071729958;3539.497046413502;3
real_youtube18;0.0;0.0;100.0;119;119;119;119.0;nan;100.0;0;0;nan;nan;nan;0.0;1;0;100.0;0.0;inf;inf;3
real_youtube19;0.44875192642211914;0.0;100.0;12007;1141;95;105.32456140350877;97.99869022188084;0.8593621953637242;1385192;1292;88;1283.7738646895273;96.18538272853488;99.14063780463627;114;1079;9.555741827326068;90.44425817267393;3113.5220101221867;2658.484409218564;3
real_youtube20;3.5098960399627686;66.66666666666667;33.333333333333336;694;217;74;173.5;67.92397711166998;75.02702702702703;231;157;74;115.5;58.68986283848344;24.972972972972972;4;2;66.66666666666667;33.333333333333336;0.2635405691417037;1.7094523403786186;3
real_youtube21;0.4984438419342041;0.0;100.0;13136;1292;96;625.5238095238095;590.9383740329968;85.83937789975822;2167;650;88;144.46666666666667;148.6226605807312;14.160622100241783;21;15;58.333333333333336;41.666666666666664;30.701552938475338;72.22478636771301;3
real_youtube22;3.1226611137390137;0.0;100.0;7230;1285;95;139.03846153846155;212.4025000349952;1.3748671247021598;518639;1292;88;1264.9731707317073;174.14613699144087;98.62513287529784;52;410;11.255411255411255;88.74458874458874;168.4041209871585;147.95073277958434;3
real_youtube23;3.1367290019989014;0.0;99.73404255319149;15367;1433;86;129.1344537815126;182.7311132103137;1.900649711260054;793146;1292;86;1252.995260663507;194.41219824281708;98.09935028873994;120;633;15.936254980079681;84.06374501992032;257.75672666805764;240.05899123582105;3
real_youtube24;4.999607086181641;0.0;100.0;5916;1292;91;190.83870967741936;306.48405034892045;9.795999470128494;54476;1292;87;1089.52;424.1210955298845;90.20400052987151;31;50;38.27160493827161;61.72839506172839;12.079349228645745;16.201273140818408;3
real_youtube25;0.048727989196777344;100.0;0.0;260;186;74;130.0;79.19595949289332;48.598130841121495;275;201;74;137.5;89.80256121069154;51.401869158878505;2;2;50.0;50.0;10.979316175751052;82.0883452392602;3
real_youtube26;0.04951000213623047;100.0;0.0;335;186;74;111.66666666666667;64.37649674635405;48.132183908045974;361;201;74;120.33333333333333;70.1165696061447;51.867816091954026;3;3;50.0;50.0;14.057765501300203;121.1876336318983;3
real_youtube27;0.4996929168701172;0.0;100.0;2850;1285;95;316.6666666666667;445.6293302734908;63.78692927484333;1618;647;88;179.77777777777777;187.8222416127665;36.21307072515667;9;9;50.0;50.0;8.941491562429624;36.02212357290359;3
real_youtube28;3.0533409118652344;0.3766478342749529;99.62335216572505;18076;1285;74;118.14379084967321;144.28263647496357;0.9694803550971197;1846428;1292;74;1282.2416666666666;104.34054437673741;99.03051964490288;153;1440;9.6045197740113;90.3954802259887;610.6438991972914;521.7235958846348;3
real_youtube4;4.677671909332275;0.23823704586063132;99.76176295413937;20385;1285;74;122.8012048192771;147.43874824274687;1.0413064321935068;1937252;1292;74;1280.4044943820224;115.04473609226322;98.95869356780649;166;1513;9.8868374032162;90.1131625967838;418.506692633654;358.9392399775367;3
real_youtube5;0.0;0.0;0.0;46;46;46;46.0;nan;100.0;0;0;nan;nan;nan;0.0;1;0;100.0;0.0;inf;inf;3
real_youtube6;2.848768949508667;0.0;100.0;37377;1292;95;130.6888111888112;184.68804712694384;1.3242468582927962;2785133;1292;87;1281.6994937873908;105.06816337323085;98.6757531417072;286;2173;11.630744204961367;88.36925579503864;990.7823519653301;863.179865964247;3
real_youtube7;1.1782450675964355;0.0;99.88102320047591;18345;1164;86;111.85975609756098;110.07676558389848;0.9347861202223104;1944136;1292;86;1281.5662491760054;108.83444797459686;99.06521387977769;164;1517;9.75609756097561;90.2439024390244;1665.5966182004638;1426.6981006159956;3
real_youtube8;2.433361053466797;0.10303967027305512;99.89696032972695;20393;1167;75;109.05347593582887;102.8998224927318;0.8975567074241535;2251664;1292;86;1283.7309007981755;97.41058469663028;99.10244329257584;187;1754;9.634209170530655;90.36579082946935;933.7114181074824;797.6621460406245;3
real_youtube9;2.5688140392303467;10.526315789473685;89.47368421052632;5004;1018;55;357.42857142857144;331.5260087919114;91.44736842105263;468;137;66;93.6;26.1686835740738;8.552631578947368;14;5;73.6842105263158;26.31578947368421;2.1301658728241337;7.396409280639353;3
reddit1;1.8461861610412598;99.6661101836394;0.333889816360601;43961;462;54;54.95125;15.794166424785365;3.6901332312609965;1147351;6390;60;1150.8034102306922;547.3947547598164;96.309866768739;800;997;44.51864218141347;55.48135781858653;645.2827050377699;973.3579624421416;1
reddit10;2.0394949913024902;99.6938775510204;0.30612244897959184;46455;462;54;54.9113475177305;15.480331138142493;3.4816999959528188;1287807;7446;60;1156.020646319569;660.4435837648433;96.51830000404718;846;1114;43.16326530612245;56.83673469387755;654.2119523166347;961.0222179306643;1
reddit2;0.9529750347137451;100.0;0.0;35100;54;54;54.0;0.0;1.684485742339909;2048622;8814;60;1589.311093871218;577.912565553793;98.3155142576601;650;1289;33.52243424445591;66.47756575554409;2186.544163379798;2034.6807936919747;1
reddit3;2.011178970336914;99.67213114754098;0.32786885245901637;44132;462;54;54.95890410958904;15.875750569788346;3.576174825129492;1189924;6390;60;1158.640701071081;572.0871592310152;96.42382517487052;803;1027;43.87978142076503;56.12021857923497;613.5983013949624;909.9140489189966;1
reddit4;2.123257875442505;99.67105263157895;0.32894736842105265;44406;462;54;54.95792079207921;15.877652158008743;3.644843243669172;1173918;7446;60;1155.4311023622047;535.0521977917101;96.35515675633083;808;1016;44.29824561403509;55.70175438596491;573.7993552695953;859.0572163166299;1
reddit5;3.6270639896392822;99.66005665722379;0.33994334277620397;41328;462;54;55.0306258322237;16.46767725397681;3.3455055292962443;1194001;7446;60;1177.5157790927021;627.7099018465017;96.65449447070375;751;1014;42.54957507082153;57.45042492917847;340.5864918646929;486.6194820498693;1
reddit6;1.6625490188598633;99.66367713004485;0.336322869955157;43217;462;54;54.98346055979644;16.08475897616661;3.5892043987000894;1160866;7264;60;1163.192384769539;576.3299555942499;96.41079560129991;786;998;44.05829596412556;55.94170403587444;724.2390969174139;1073.051067825612;1
reddit7;2.788969039916992;99.65095986038395;0.34904013961605584;41689;462;54;55.07133421400264;16.941002042430828;3.559575436376506;1129490;6390;60;1174.1060291060292;546.6484327586547;96.4404245636235;757;962;44.03723094822571;55.96276905177429;419.9325927385905;616.356788260067;1
reddit8;1.483100175857544;99.61315280464217;0.38684719535783363;39125;462;54;55.105633802816904;17.090610486611112;3.836687063622813;980635;7446;60;1166.0344827586207;599.1729021465062;96.16331293637718;710;841;45.77691811734365;54.22308188265635;687.5867298784211;1045.7823586348075;1
reddit9;3.6304850578308105;99.68321013727561;0.3167898627243928;45679;462;54;54.96871239470517;16.081838387772603;3.573015321750503;1232765;6390;60;1159.7036688617122;398.08071754301136;96.4269846782495;831;1063;43.8753959873284;56.1246040126716;352.14137495000773;521.6933742544176;1
test_youtube;4.443267822265625;0.08275862068965517;99.91724137931034;37757;1145;75;106.96033994334277;94.50362915047963;0.8896381670018391;4206328;1292;74;1285.5525672371639;85.54642277106312;99.11036183299817;353;3272;9.73793103448276;90.26206896551724;955.1719972252175;815.8409857345962;1
video1;1.1945600509643555;95.50561797752809;4.49438202247191;2839;461;54;74.71052631578948;73.09782704454643;4.125973723985583;65969;2974;60;1293.5098039215686;618.670489761683;95.87402627601442;38;51;42.69662921348315;57.30337078651685;57.60112264297809;74.50441685886888;1
video10;1.1402602195739746;95.34883720930233;4.651162790697675;2785;461;54;75.27027027027027;74.02351302444704;4.044144340376098;66080;7354;60;1348.5714285714287;1034.8991698067337;95.95585565962391;37;49;43.02325581395349;56.97674418604651;60.39410900937106;75.42138059690569;1
video11;0.42155909538269043;94.91525423728814;5.084745762711864;3657;467;54;69.0;62.36092218196116;4.125676895306859;84983;4434;60;1307.4307692307693;696.9390434524827;95.87432310469315;53;65;44.91525423728814;55.08474576271186;210.26707992039124;279.9133058507013;1
video12;0.10751199722290039;94.54545454545455;5.454545454545454;3317;467;54;70.57446808510639;65.19327275272285;3.8087911078449386;83771;8814;60;1329.6984126984128;1131.9992681366698;96.19120889215506;47;63;42.72727272727273;57.27272727272727;810.0305291459136;1023.1416292261907;1
video13;0.08938312530517578;99.05660377358491;0.9433962264150944;3083;467;54;70.06818181818181;67.24941349351673;3.5577045131957026;83574;5894;60;1326.5714285714287;776.1312807618043;96.4422954868043;44;63;41.12149532710281;58.87850467289719;969.500671453721;1197.0939663910376;1
video14;0.1127779483795166;95.04132231404958;4.958677685950414;3641;467;54;68.69811320754717;61.54566313086329;4.149902549665478;84096;5894;60;1236.7058823529412;812.5891741433863;95.85009745033452;53;68;43.80165289256198;56.19834710743802;777.9623699550764;1072.9047809312403;1
video15;0.11160707473754883;99.11504424778761;0.8849557522123894;3369;467;54;68.75510204081633;64.69271295009614;3.8604331385355795;83901;2908;60;1290.7846153846153;548.9674823107607;96.13956686146442;49;65;42.98245614035088;57.01754385964912;781.9396772581038;1021.4406234378805;1
video16;0.09290504455566406;99.08256880733946;0.9174311926605505;3299;467;54;68.72916666666667;64.48049006707981;3.8146225269706187;83184;5894;60;1341.6774193548388;810.0818775495566;96.18537747302938;48;62;43.63636363636363;56.36363636363637;930.8751792071281;1184.0045987394526;1
video17;0.7477669715881348;99.51632406287787;0.4836759371221282;22644;458;54;55.77339901477833;22.02362102909027;4.397670267950259;492265;7446;60;1169.2755344418051;583.7478378424418;95.60232973204974;406;421;49.09310761789601;50.90689238210399;688.5955378671212;1105.959518703517;1
video18;0.9310610294342041;99.54389965792474;0.45610034207525657;23886;458;54;55.67832167832168;21.427426328092086;4.560128751186042;499915;5334;60;1115.8816964285713;293.2807434423085;95.43987124881396;429;448;48.91676168757127;51.08323831242873;562.5850330330207;941.9361054483653;1
video19;0.9636669158935547;99.5475113122172;0.45248868778280543;24048;458;54;55.666666666666664;21.353178607854446;4.593959539228609;499422;4278;60;1104.91592920354;284.8582594022666;95.4060404607714;432;452;48.86877828054298;51.13122171945702;543.2063624542049;917.3294064789139;1
video2;1.2355639934539795;96.07843137254902;3.9215686274509802;3163;461;54;71.88636363636364;68.18654846170547;3.985484419691796;76200;2974;60;1313.7931034482758;592.9861913312129;96.0145155803082;44;58;43.13725490196079;56.86274509803921;64.23220522811067;82.55339305806595;1
video20;0.6220991611480713;99.51040391676867;0.48959608323133413;22428;458;54;55.791044776119406;22.132476209071648;4.411530404508306;485967;6812;60;1171.0048192771085;554.1078480071324;95.58846959549169;402;415;49.20440636474908;50.79559363525092;817.2250209464476;1313.2954535612027;1
video21;0.7381761074066162;99.8819362455726;0.1180637544273908;23157;458;54;55.66586538461539;21.723040640550106;4.550885729670666;485689;4278;60;1124.2800925925926;330.96220232944586;95.44911427032933;416;432;49.056603773584904;50.943396226415096;689.3287318492249;1148.777360160329;1
video22;0.8484780788421631;99.88372093023256;0.11627906976744186;23481;458;54;55.64218009478673;21.568592962031353;4.499379158107735;498391;4278;60;1135.2870159453303;327.500419449663;95.50062084189227;422;439;49.012775842044135;50.987224157955865;615.0683358987292;1014.7580962550315;1
video23;0.6701500415802002;99.51980792316927;0.4801920768307323;22806;458;54;55.76039119804401;21.94302550866767;4.378082328527029;498107;9558;60;1174.7806603773586;686.2787456917308;95.62191767147297;409;424;49.09963985594238;50.90036014405762;777.3080171295636;1243.0052201978574;1
video24;0.5632750988006592;99.45130315500685;0.5486968449931413;19944;458;54;56.02247191011236;23.512766698457888;4.3582963659010945;437666;5334;60;1173.367292225201;497.4377809501134;95.6417036340989;356;373;48.83401920438958;51.16598079561042;812.4094265383927;1294.2166297644026;1
video25;0.6551921367645264;99.86754966887418;0.13245033112582782;20619;458;54;55.8780487804878;23.059912055523625;4.4511558023262845;442609;6390;60;1143.6925064599484;405.2473319115397;95.54884419767372;369;387;48.80952380952381;51.19047619047619;707.0109270351064;1153.8600016375099;1
video26;1.861732006072998;98.91304347826087;1.0869565217391304;3323;459;54;70.70212765957447;68.82047056863021;1.32321378085541;247808;17574;60;5387.130434782609;5165.999550947181;98.67678621914459;47;46;50.53763440860215;49.46236559139785;134.89105799374286;49.95348401200204;1
video27;0.1550600528717041;92.20779220779221;7.792207792207792;2876;461;54;73.74358974358974;70.28427912440868;2.2794822817015272;123293;14614;60;3244.5526315789475;3560.2266986532895;97.72051771829847;39;38;50.64935064935065;49.35064935064935;813.6782985904924;496.58179894798184;1
video28;0.10123205184936523;89.28571428571429;10.714285714285714;2275;461;54;81.25;81.61909045024899;1.8172087673333759;122917;14614;60;4389.892857142857;5162.744743292227;98.18279123266663;28;28;50.0;50.0;1236.6834190646211;553.184480379088;1
video29;0.377194881439209;93.10344827586206;6.896551724137931;2330;456;54;77.66666666666667;78.30415206031581;1.3707414358075314;167651;21954;60;5987.535714285715;5533.4142998235775;98.62925856419247;30;28;51.724137931034484;48.275862068965516;450.6450335471882;153.7666677201388;1
video3;3.317563056945801;98.46153846153847;1.5384615384615385;2431;461;54;78.41935483870968;80.54306268224815;3.1448086724793667;74871;14654;60;2139.1714285714284;3539.752512832054;96.85519132752063;31;35;46.96969696969697;53.03030303030303;23.300838197530872;19.89412073474215;1
video30;0.3246910572052002;98.07692307692308;1.9230769230769231;2089;456;54;80.34615384615384;83.89180761323112;1.1849792954790401;174201;14654;60;6451.888888888889;4774.224635665447;98.81502070452096;26;27;49.056603773584904;50.943396226415096;542.9468908612016;163.23209039448457;1
video31;0.13550901412963867;98.07692307692308;1.9230769230769231;2143;456;54;79.37037037037037;82.41879366902643;1.2432629997273292;170226;17574;60;6547.153846153846;5745.613531676545;98.75673700027266;27;26;50.943396226415096;49.056603773584904;1272.0113204801132;391.1178923440178;1
video4;1.1868321895599365;95.91836734693878;4.081632653061225;3055;461;54;72.73809523809524;69.71267146033817;3.858687414742586;76117;5894;60;1359.232142857143;830.9271271203121;96.14131258525741;42;56;42.857142857142854;57.142857142857146;66.70867262991582;82.57275195437465;1
video5;1.6063299179077148;98.46153846153847;1.5384615384615385;2431;461;54;78.41935483870968;80.54306268224815;3.1486374468966947;74777;21954;60;2136.4857142857145;4184.841169039039;96.8513625531033;31;35;46.96969696969697;53.03030303030303;48.064845919426915;41.08744988449612;1
video6;1.3631548881530762;96.03960396039604;3.9603960396039604;3109;461;54;72.30232558139535;68.93700881920459;3.9046016276499547;76515;2974;60;1319.2241379310344;606.0152288950769;96.09539837235005;43;58;42.57425742574257;57.42574257425743;58.41155740407585;74.09282751195194;1
video7;1.1934380531311035;95.83333333333333;4.166666666666667;3001;461;54;73.1951219512195;70.51496986888498;3.7921099850893376;76137;7354;60;1384.3090909090909;1009.829466217812;96.20789001491066;41;55;42.708333333333336;57.291666666666664;66.31094072488604;80.43986845243826;1
video8;1.6187140941619873;98.64864864864865;1.3513513513513513;2593;461;54;76.26470588235294;77.11593351199237;3.8228486340650756;65236;15294;60;1591.121951219512;2281.693353576702;96.17715136593492;34;41;45.333333333333336;54.666666666666664;41.90301440175898;46.33307405581571;1
video9;1.1745738983154297;96.07843137254902;3.9215686274509802;3163;461;54;71.88636363636364;68.18654846170547;3.98724283985478;76165;2974;60;1313.1896551724137;614.7013097773457;96.01275716014521;44;58;43.13725490196079;56.86274509803921;67.53768333671638;86.84000227341004;1
youtube;0.285167932510376;98.0;2.0;5749;463;54;61.81720430107527;45.93969256502134;0.7845208268513818;727055;28654;60;6794.906542056075;7055.614668451912;99.21547917314862;93;107;46.5;53.5;2569.7279268009443;701.3411299067538;1
youtube_video1;0.4180409908294678;100.0;0.0;7324;463;54;59.54471544715447;40.511939554096365;0.6451254885345769;1127959;30714;60;6557.9011627906975;7193.079681608117;99.35487451146543;123;172;41.69491525423729;58.30508474576271;2715.721723239141;705.6724256027321;1
youtube1;0.9596037864685059;100.0;0.0;33028;463;54;55.13856427378965;18.435166117361355;2.714283601052578;1183794;5774;60;1521.586118251928;429.6028526188115;97.28571639894743;599;778;43.500363108206244;56.499636891793756;1268.0462678019414;1434.9672431656177;1
youtube10;0.5147871971130371;98.18181818181819;1.8181818181818181;6200;463;54;61.386138613861384;44.78257926851237;0.6796144174717905;906082;56994;60;7614.134453781513;7429.029595279029;99.3203855825282;101;119;45.90909090909091;54.09090909090909;1772.1536299195895;427.3610556629526;1
youtube11;1.2885220050811768;98.73015873015873;1.2698412698412698;9116;463;54;58.81290322580645;36.25912999163541;0.8657646859941004;1043826;27794;60;6523.9125;4885.1959661323435;99.1342353140059;155;160;49.20634920634921;50.79365079365079;817.1703671709237;244.466139311416;1
youtube12;0.4350101947784424;98.27586206896552;1.7241379310344827;6956;463;54;60.48695652173913;42.01281450654371;0.9556638470278387;720915;33634;60;6161.666666666667;4845.203913718931;99.04433615297216;115;117;49.56896551724138;50.43103448275862;1673.2274524525023;533.3208342810478;1
youtube13;0.676131010055542;100.0;0.0;6514;463;54;60.31481481481482;43.201689164827336;0.5668744800314679;1142594;30714;60;6604.589595375723;5038.070805482383;99.43312551996853;108;173;38.43416370106762;61.56583629893238;1699.5345323765057;415.59992933457784;1
youtube14;0.6268529891967773;98.83381924198251;1.1661807580174928;8684;463;54;59.074829931972786;37.22130933991614;0.7343794265514865;1173811;27794;60;5988.831632653061;5176.1061116634155;99.26562057344852;147;196;42.857142857142854;57.142857142857146;1886.399236151364;547.1777369036806;1
youtube15;0.5801868438720703;98.93048128342247;1.0695187165775402;10412;463;54;58.167597765363126;33.766296279301464;0.8846339457460765;1166572;30714;60;5982.420512820513;6574.519651426995;99.11536605425393;179;195;47.86096256684492;52.13903743315508;2028.629246649243;644.619925374361;1
youtube16;0.5759429931640625;98.76543209876543;1.2345679012345678;8576;463;54;59.144827586206894;37.47406127175481;0.8395702293252405;1012899;40934;60;5658.653631284917;5137.061397404457;99.16042977067475;145;179;44.75308641975309;55.24691358024691;1773.569627765267;562.5556762485097;1
youtube17;0.5505528450012207;100.0;0.0;6730;463;54;60.089285714285715;42.43246962839282;0.9609878898390881;693591;33634;60;6248.5675675675675;5598.99000408535;99.03901211016091;112;111;50.224215246636774;49.775784753363226;1272.0322969150168;405.04740285104793;1
youtube18;0.5727047920227051;100.0;0.0;6568;463;54;60.25688073394495;43.00546986521872;0.6081954522388778;1073348;33634;60;6098.568181818182;5141.142544044254;99.39180454776113;109;176;38.24561403508772;61.75438596491228;1885.6416342980178;497.63858094049453;1
youtube19;0.6009030342102051;100.0;0.0;8782;463;54;58.54666666666667;36.72034468311173;0.7691249998905254;1133035;46774;60;6191.448087431694;6001.920729771937;99.23087500010948;150;183;45.04504504504504;54.95495495495496;1900.1684714418914;554.1659486503966;1
youtube2;1.5309028625488281;100.0;0.0;32542;463;54;55.15593220338983;18.574936754813212;2.8096925846460685;1125663;4344;60;1479.1892247043363;203.25340921476433;97.19030741535393;590;761;43.671354552183566;56.328645447816434;756.550286980118;882.48577558389;1
youtube3;0.5134730339050293;99.55947136563877;0.44052863436123346;23696;463;54;55.75529411764706;21.97492946455694;3.0906603260479693;743001;7204;60;1538.304347826087;653.3060644286346;96.90933967395203;425;483;46.80616740088106;53.19383259911894;1493.159230133605;1768.3499230612788;1
youtube4;0.5796701908111572;100.0;0.0;24496;463;54;55.54648526077097;21.477011867457158;2.94481477696899;807339;8634;60;1570.6984435797665;731.9131972984495;97.055185223031;441;514;46.17801047120419;53.82198952879581;1435.0142774048425;1647.488546312219;1
youtube5;0.8125569820404053;99.70414201183432;0.2958579881656805;32444;463;54;55.27086882453152;18.708739897739292;2.616171007464522;1207689;8634;60;1578.678431372549;781.4308570925417;97.38382899253548;587;765;43.417159763313606;56.582840236686394;1526.2105026602712;1663.8833089649956;1
youtube6;1.0656919479370117;99.71098265895954;0.28901734104046245;33254;463;54;55.23920265780731;18.474858340754377;2.7704186536301867;1167070;5774;60;1492.4168797953964;301.1854727321259;97.22958134636981;602;782;43.49710982658959;56.50289017341041;1126.3329917464534;1298.6867383948763;1
youtube7;0.19753193855285645;90.36144578313252;9.63855421686747;4375;467;54;104.16666666666667;116.73754525235108;10.640367731108787;36742;2914;60;896.1463414634146;875.8024480719271;89.35963226889122;42;41;50.602409638554214;49.397590361445786;208.15368036798634;420.18521464462066;1
youtube8;0.8059580326080322;99.67637540453075;0.32362459546925565;26774;463;54;55.54771784232365;20.639636619149414;2.2345053901370964;1171433;7204;60;1553.6246684350133;616.1645198425808;97.7654946098629;482;754;38.996763754045304;61.003236245954696;1486.686591016003;1533.5786107874346;1
youtube9;0.6354830265045166;100.0;0.0;6352;463;54;60.49523809523809;43.80685839558509;0.6819797166863859;925054;39474;60;8565.314814814816;8013.768570635398;99.31802028331361;105;108;49.29577464788732;50.70422535211268;1465.666211611051;335.1781103763062;1