session_time,%tcp_protocol,%udp_protocol,ul_data_volume,max_ul_volume,min_ul_volume,avg_ul_volume,std_ul_volume,%ul_volume,dl_data_volume,max_dl_volume,min_dl_volume,avg_dl_volume,std_dl_volume,%dl_volume,nb_uplink_packet,nb_downlink_packet,ul_packet,dl_packet,kB/s,nb_packet/s,output
4.998404026031494,99.74059662775616,0.2594033722438392,51301.0,471.0,54.0,55.7014115092291,21.72903507744374,2.27536629134943,2203325.0,5894.0,60.0,1582.84841954023,428.14857554793537,97.72463370865056,921.0,1392.0,39.81841763942931,60.18158236057069,451.06917893351465,462.7477066587626,1.0
4.9818971157073975,99.95455922447744,0.0454407755225689,131683.0,471.0,54.0,54.640248962655605,13.466270084620916,1.9232679152823289,6715153.0,10274.0,60.0,1601.5151442880992,676.6847432294791,98.07673208471768,2410.0,4193.0,36.49856126003332,63.50143873996668,1374.343114877392,1325.3987078900998,1.0
2.239241123199463,8.447937131630649,91.55206286836936,18231.0,881.0,54.0,130.22142857142856,137.18988929423045,1.6209900923193468,1106452.0,1514.0,60.0,1260.1958997722095,198.7929949772881,98.37900990768064,140.0,878.0,13.7524557956778,86.2475442043222,502.260783060752,454.6183032515344,2.0
1.483100175857544,99.61315280464216,0.3868471953578336,39125.0,462.0,54.0,55.1056338028169,17.090610486611112,3.836687063622813,980635.0,7446.0,60.0,1166.0344827586207,599.1729021465062,96.16331293637718,710.0,841.0,45.77691811734365,54.22308188265635,687.5867298784211,1045.7823586348077,1.0
0.6701500415802002,99.51980792316928,0.4801920768307323,22806.0,458.0,54.0,55.76039119804401,21.94302550866767,4.378082328527029,498107.0,9558.0,60.0,1174.7806603773586,686.2787456917308,95.62191767147296,409.0,424.0,49.09963985594238,50.90036014405762,777.3080171295636,1243.0052201978574,1.0
2.854811906814575,100.0,0.0,364.0,110.0,74.0,91.0,19.697715603592208,13.751416698148848,2283.0,1466.0,74.0,456.6,583.0006861059428,86.24858330185116,4.0,5.0,44.44444444444444,55.55555555555556,0.9272064452587864,3.152571971034785,1.0
0.5759429931640625,98.76543209876544,1.2345679012345678,8576.0,463.0,54.0,59.144827586206894,37.47406127175481,0.8395702293252405,1012899.0,40934.0,60.0,5658.653631284917,5137.061397404457,99.16042977067475,145.0,179.0,44.75308641975309,55.24691358024691,1773.569627765267,562.5556762485097,1.0
0.2038111686706543,89.33333333333333,10.666666666666666,3543.0,465.0,54.0,93.23684210526316,97.5021646912924,4.4940257236358105,75295.0,16758.0,60.0,2035.0,3567.301867113451,95.5059742763642,38.0,37.0,50.66666666666666,49.333333333333336,386.8188407643014,367.9876843314468,1.0
4.938714027404785,14.285714285714286,85.71428571428571,35175.0,1435.0,74.0,314.0625,405.058493857302,23.05257363060831,117411.0,1466.0,74.0,729.2608695652174,563.3140611787878,76.94742636939169,112.0,161.0,41.02564102564103,58.97435897435897,30.89589701960968,55.27754765413237,1.0
0.483104944229126,97.79005524861878,2.209944751381216,5457.0,459.0,54.0,62.72413793103448,48.82043263986449,2.6428325818590395,201026.0,40934.0,60.0,2138.574468085106,4468.041589436306,97.35716741814096,87.0,94.0,48.06629834254144,51.93370165745856,427.4081697289972,374.6597963074369,1.0
0.5134730339050293,99.55947136563876,0.4405286343612334,23696.0,463.0,54.0,55.75529411764706,21.97492946455694,3.0906603260479693,743001.0,7204.0,60.0,1538.304347826087,653.3060644286346,96.90933967395203,425.0,483.0,46.80616740088106,53.19383259911894,1493.159230133605,1768.3499230612788,1.0
3.1226611137390137,0.0,100.0,7230.0,1285.0,95.0,139.03846153846155,212.4025000349952,1.3748671247021598,518639.0,1292.0,88.0,1264.9731707317071,174.14613699144087,98.62513287529784,52.0,410.0,11.255411255411255,88.74458874458874,168.4041209871585,147.95073277958434,3.0
4.997504949569702,99.88665344290168,0.1133465570983281,139037.0,471.0,54.0,54.63143418467583,13.115810428705492,1.8986940734175728,7183733.0,8814.0,60.0,1591.7866164413915,620.5537552065755,98.10130592658244,2545.0,4513.0,36.05837347690564,63.94162652309437,1465.2851920898063,1412.304754316994,1.0
4.478372097015381,99.47848761408083,0.5215123859191656,29971.0,471.0,54.0,57.08761904761905,28.95198609925128,0.3403621777910016,8775649.0,62834.0,60.0,8697.372646184342,7522.393761210289,99.659637822209,525.0,1009.0,34.22425032594524,65.77574967405477,1966.254658890118,342.53518170639217,1.0
1.7103688716888428,100.0,0.0,6561.0,464.0,54.0,61.3177570093458,46.14979673105569,3.7525523189640873,168280.0,7099.0,60.0,1450.6896551724135,861.2970039048854,96.24744768103592,107.0,116.0,47.98206278026906,52.01793721973094,102.22414760586672,130.38123161105395,1.0
1.6625490188598633,99.66367713004485,0.336322869955157,43217.0,462.0,54.0,54.98346055979644,16.08475897616661,3.589204398700089,1160866.0,7264.0,60.0,1163.192384769539,576.3299555942499,96.41079560129992,786.0,998.0,44.05829596412556,55.94170403587444,724.2390969174139,1073.051067825612,1.0
4.884738922119141,100.0,0.0,130788.0,54.0,54.0,54.0,0.0,1.631767998193412,7884322.0,62834.0,60.0,1783.3797783306943,2037.6644890631976,98.3682320018066,2422.0,4421.0,35.393833114131226,64.60616688586877,1640.847162517913,1400.8937036559794,1.0
0.1550600528717041,92.2077922077922,7.792207792207792,2876.0,461.0,54.0,73.74358974358974,70.28427912440868,2.2794822817015272,123293.0,14614.0,60.0,3244.5526315789475,3560.226698653289,97.72051771829848,39.0,38.0,50.64935064935065,49.35064935064935,813.6782985904924,496.5817989479818,1.0
0.8357799053192139,95.18072289156626,4.819277108433735,4027.0,729.0,54.0,115.05714285714286,167.9949128881661,6.68026940048439,56255.0,3971.0,60.0,1171.9791666666667,765.4583799734844,93.3197305995156,35.0,48.0,42.16867469879518,57.83132530120482,72.12664436694752,99.3084416982954,2.0
0.1713600158691406,90.69767441860463,9.30232558139535,2107.0,464.0,54.0,95.77272727272728,97.82634362222429,2.888240051541445,70844.0,16758.0,60.0,3373.5238095238096,4732.40795598866,97.11175994845856,22.0,21.0,51.16279069767442,48.83720930232558,425.7177476903898,250.93368357783663,1.0
2.3292911052703857,100.0,0.0,72576.0,54.0,54.0,54.0,0.0,1.6692196232664045,4275324.0,8814.0,60.0,1590.522321428571,565.6894652924022,98.3307803767336,1344.0,2688.0,33.333333333333336,66.66666666666667,1866.6194148778552,1730.9987536023166,1.0
0.1892168521881103,91.11111111111111,8.88888888888889,2149.0,464.0,54.0,93.43478260869566,95.16102433958814,2.946580376240882,70783.0,16758.0,60.0,3217.409090909091,4599.50102530896,97.05341962375913,23.0,22.0,51.11111111111112,48.888888888888886,385.4413555484714,237.822368777508,1.0
1.892680168151856,100.0,0.0,72900.0,54.0,54.0,54.0,0.0,1.6567545473821574,4327269.0,11734.0,60.0,1600.9134295227525,646.2428983706426,98.34324545261784,1350.0,2703.0,33.30866025166543,66.69133974833457,2324.8349478383507,2141.407760381212,1.0
2.433361053466797,0.1030396702730551,99.89696032972697,20393.0,1167.0,75.0,109.05347593582889,102.8998224927318,0.8975567074241535,2251664.0,1292.0,86.0,1283.7309007981755,97.41058469663028,99.10244329257584,187.0,1754.0,9.634209170530657,90.36579082946936,933.7114181074824,797.6621460406245,1.0
4.925489902496338,83.6734693877551,16.3265306122449,2804.0,471.0,54.0,107.84615384615384,113.87912620237032,17.447576379814574,13267.0,1514.0,60.0,576.8260869565217,650.1670870681778,82.55242362018542,26.0,23.0,53.06122448979592,46.93877551020408,3.2628226467086843,9.94824900060516,1.0
0.0706338882446289,100.0,0.0,3292.0,461.0,54.0,68.58333333333333,65.14952795613951,3.866981475608181,81839.0,7078.0,60.0,1363.9833333333331,877.3564587154513,96.13301852439182,48.0,60.0,44.44444444444444,55.55555555555556,1205.2430089245934,1529.011111861203,1.0
4.999674081802368,100.0,0.0,99090.0,54.0,54.0,54.0,0.0,1.6528343882961511,5896066.0,5894.0,1514.0,1564.358185195012,313.30493633884106,98.34716561170384,1835.0,3769.0,32.74446823697359,67.25553176302641,1199.1093623124257,1120.8730625856665,1.0
0.1522979736328125,100.0,0.0,1962.0,464.0,54.0,98.1,105.13895567295693,2.7348378193780403,69779.0,17574.0,60.0,3672.578947368421,5031.665002934355,97.26516218062196,20.0,19.0,51.282051282051285,48.71794871794872,471.0568255685803,256.0769461977758,1.0
3.2777061462402344,100.0,0.0,434.0,106.0,74.0,86.8,17.527121840165314,58.333333333333336,310.0,106.0,102.0,103.33333333333331,2.309401076758504,41.66666666666666,5.0,3.0,62.5,37.5,0.2269880113729602,2.440731305085594,1.0
1.1402602195739746,95.34883720930232,4.651162790697675,2785.0,461.0,54.0,75.27027027027027,74.02351302444704,4.044144340376098,66080.0,7354.0,60.0,1348.571428571429,1034.8991698067337,95.95585565962392,37.0,49.0,43.02325581395349,56.97674418604651,60.39410900937106,75.42138059690569,1.0
4.995289087295532,99.87351378699722,0.1264862130027827,90907.0,471.0,54.0,54.99516031457955,16.764173311846026,2.116556718188088,4204135.0,62834.0,60.0,1827.0903954802257,2460.6702878968053,97.8834432818119,1653.0,2301.0,41.80576631259484,58.19423368740516,859.818505984676,791.5457806148132,1.0
1.3163080215454102,100.0,0.0,28512.0,54.0,54.0,54.0,0.0,1.6981212984624474,1650520.0,7354.0,60.0,1558.564683663834,422.1520841524108,98.30187870153756,528.0,1059.0,33.2703213610586,66.7296786389414,1275.5616257878107,1205.644859731831,3.0
4.999969959259033,8.615384615384615,91.3846153846154,13833.0,1376.0,54.0,209.5909090909091,193.9294857790982,18.47207755788799,61053.0,1514.0,54.0,235.7258687258688,151.39144723929255,81.52792244211201,66.0,259.0,20.307692307692307,79.6923076923077,14.97728998577777,65.00039053197894,3.0
0.9529750347137452,100.0,0.0,35100.0,54.0,54.0,54.0,0.0,1.684485742339909,2048622.0,8814.0,60.0,1589.311093871218,577.912565553793,98.3155142576601,650.0,1289.0,33.52243424445591,66.47756575554409,2186.544163379798,2034.6807936919747,1.0
3.046380043029785,0.0,88.88888888888889,2962.0,1288.0,86.0,370.25,508.7148373246899,73.53525322740815,1066.0,222.0,78.0,106.6,46.05841701337311,26.46474677259185,8.0,10.0,44.44444444444444,55.55555555555556,1.32222504845257,5.9086521529658045,1.0
4.9801859855651855,2.3769100169779285,97.62308998302208,161273.0,582.0,54.0,307.18666666666667,109.34886836507567,93.41902522098776,11361.0,285.0,60.0,177.515625,75.64956638898381,6.580974779012245,525.0,64.0,89.13412563667232,10.865874363327674,34.66416726210041,118.2686754485046,2.0
4.999665975570679,99.80704293294744,0.1929570670525808,85098.0,471.0,54.0,55.115284974093264,17.79128434437944,2.057973334713409,4049941.0,7354.0,60.0,1556.4723289777094,356.10010542769527,97.9420266652866,1544.0,2602.0,37.240713941148094,62.75928605885191,827.0630518527815,829.2553983122366,1.0
0.3160851001739502,99.02912621359224,0.970873786407767,3200.0,464.0,54.0,74.4186046511628,71.44869373264905,4.603587921336191,66311.0,1505.0,60.0,1087.0655737704917,583.0292693868367,95.3964120786638,43.0,61.0,41.34615384615385,58.65384615384615,219.91229564995697,329.025316102423,1.0
0.8150830268859863,23.07692307692308,76.92307692307692,3844.0,1292.0,97.0,549.1428571428571,559.3160789665144,83.71080139372822,748.0,238.0,74.0,124.66666666666669,57.28059590006608,16.28919860627178,7.0,6.0,53.84615384615385,46.15384615384615,5.6337818952551055,15.949295435173426,1.0
0.4487519264221191,0.0,100.0,12007.0,1141.0,95.0,105.32456140350877,97.99869022188084,0.8593621953637242,1385192.0,1292.0,88.0,1283.7738646895273,96.18538272853488,99.14063780463628,114.0,1079.0,9.555741827326068,90.44425817267393,3113.5220101221867,2658.484409218564,3.0
4.307895183563232,36.11111111111112,63.888888888888886,7400.0,1292.0,74.0,435.2941176470589,509.27801404364135,49.587884473631306,7523.0,1294.0,74.0,395.9473684210527,504.4509087099016,50.41211552636869,17.0,19.0,47.22222222222222,52.77777777777778,3.4641047110288765,8.356749286138147,1.0
0.8082921504974365,94.11764705882354,5.882352941176471,2573.0,467.0,54.0,75.67647058823529,75.29526549091645,1.1265570612316382,225822.0,16494.0,60.0,6641.823529411765,6851.068160339044,98.87344293876836,34.0,34.0,50.0,50.0,282.5649115353179,84.1279974798118,2.0
1.530902862548828,100.0,0.0,32542.0,463.0,54.0,55.15593220338983,18.57493675481321,2.8096925846460685,1125663.0,4344.0,60.0,1479.1892247043363,203.2534092147644,97.19030741535391,590.0,761.0,43.671354552183566,56.328645447816434,756.550286980118,882.48577558389,1.0
4.159912109375,50.0,50.0,2631.0,1285.0,74.0,263.1,395.6194720519538,59.53835709436524,1788.0,878.0,74.0,178.8,246.16787406609788,40.46164290563476,10.0,10.0,50.0,50.0,1.062282058806268,4.807793884617642,1.0
4.980379104614258,1.702127659574468,98.01418439716312,194115.0,710.0,54.0,301.42080745341616,130.3759306731133,94.28916996968992,11757.0,268.0,60.0,192.7377049180328,72.55110879909515,5.710830030310095,644.0,61.0,91.34751773049643,8.652482269503546,41.33661226898615,141.55548908853677,1.0
0.3246910572052002,98.07692307692308,1.9230769230769231,2089.0,456.0,54.0,80.34615384615384,83.89180761323112,1.18497929547904,174201.0,14654.0,60.0,6451.888888888889,4774.224635665447,98.81502070452096,26.0,27.0,49.0566037735849,50.943396226415096,542.9468908612016,163.23209039448457,1.0
0.1563379764556884,91.48936170212764,8.51063829787234,2180.0,464.0,54.0,90.83333333333331,92.04519998663542,2.9859741398202937,70828.0,17574.0,60.0,3079.478260869565,4707.949311049878,97.0140258601797,24.0,23.0,51.06382978723404,48.93617021276596,466.9882625779857,300.63073007294173,1.0
0.8029351234436035,100.0,0.0,23922.0,54.0,54.0,54.0,0.0,1.667080149745917,1411042.0,7354.0,60.0,1592.5981941309255,591.9444631121779,98.33291985025409,443.0,886.0,33.333333333333336,66.66666666666667,1787.1481245530404,1655.1773128322318,1.0
0.1817619800567627,97.82608695652172,2.1739130434782608,2170.0,464.0,54.0,90.41666666666669,93.05674597262949,2.9781919492746662,70693.0,12582.0,60.0,3073.608695652174,4303.069451398306,97.02180805072534,24.0,23.0,51.06382978723404,48.93617021276596,400.87041292819055,258.57992956129937,1.0
0.7755930423736572,100.0,0.0,8100.0,459.0,54.0,59.12408759124087,38.92270720427753,3.8225036927273326,203803.0,5618.0,60.0,1386.4149659863945,580.8517581792834,96.17749630727266,137.0,147.0,48.23943661971831,51.76056338028169,273.2141579706327,366.17141269193775,1.0
0.2289168834686279,89.87341772151899,10.126582278481012,3658.0,465.0,54.0,91.45,95.62478758146342,4.618861825574201,75539.0,8406.0,60.0,1936.897435897436,2785.730073398239,95.3811381744258,40.0,39.0,50.63291139240506,49.36708860759494,345.9639970629497,345.10342270506493,1.0
4.585408926010132,12.5,87.5,4352.0,1285.0,74.0,272.0,368.9514873259085,71.50837988826815,1734.0,201.0,74.0,108.375,38.674496333716704,28.491620111731844,16.0,16.0,50.0,50.0,1.327253489972936,6.978657850662825,1.0
4.998741865158081,3.524229074889868,96.0352422907489,41929.0,694.0,46.0,218.3802083333333,85.79267731330363,88.97400530503978,5196.0,265.0,54.0,148.45714285714286,84.50803750745455,11.025994694960213,192.0,35.0,84.58149779735683,15.418502202643172,9.42737218108175,45.41142673964048,2.0
3.343997001647949,100.0,0.0,118044.0,54.0,54.0,54.0,0.0,1.6589379137805933,6997593.0,8814.0,60.0,1595.438440492476,589.742429887651,98.3410620862194,2186.0,4386.0,33.26232501521607,66.73767498478394,2127.883785928443,1965.312766955612,1.0
0.3764150142669678,95.65217391304348,4.3478260869565215,2858.0,464.0,54.0,79.38888888888889,78.24842409285873,4.166423698174821,65738.0,2838.0,60.0,1173.892857142857,582.0236383381825,95.83357630182518,36.0,56.0,39.130434782608695,60.869565217391305,182.2350262344985,244.41107956110943,1.0
4.988774061203003,1.1857707509881423,98.81422924901186,137311.0,671.0,85.0,328.4952153110048,126.97170600465644,87.13290352057263,20277.0,272.0,54.0,227.8314606741573,54.92168721235061,12.867096479427367,418.0,89.0,82.44575936883629,17.554240631163708,31.58852216329856,101.6281743330226,1.0
0.959603786468506,100.0,0.0,33028.0,463.0,54.0,55.13856427378965,18.435166117361355,2.714283601052578,1183794.0,5774.0,60.0,1521.586118251928,429.6028526188115,97.28571639894744,599.0,778.0,43.50036310820624,56.49963689179376,1268.0462678019414,1434.9672431656177,1.0
4.984118223190308,99.92877492877491,0.0712250712250712,140837.0,471.0,54.0,54.67274844720497,14.058423545989935,1.937596613618716,7127807.0,8814.0,60.0,1603.5561304836897,655.879579139691,98.06240338638128,2576.0,4445.0,36.68993020937189,63.31006979062811,1458.36107301391,1408.6744506445305,1.0
0.285167932510376,98.0,2.0,5749.0,463.0,54.0,61.81720430107527,45.93969256502134,0.7845208268513818,727055.0,28654.0,60.0,6794.906542056075,7055.614668451912,99.21547917314862,93.0,107.0,46.5,53.5,2569.7279268009443,701.3411299067538,1.0
0.1012320518493652,89.28571428571429,10.714285714285714,2275.0,461.0,54.0,81.25,81.61909045024899,1.817208767333376,122917.0,14614.0,60.0,4389.892857142857,5162.744743292227,98.18279123266664,28.0,28.0,50.0,50.0,1236.6834190646211,553.184480379088,1.0
0.1075119972229003,94.54545454545456,5.454545454545454,3317.0,467.0,54.0,70.57446808510639,65.19327275272285,3.8087911078449386,83771.0,8814.0,60.0,1329.6984126984128,1131.9992681366698,96.19120889215506,47.0,63.0,42.72727272727273,57.27272727272727,810.0305291459136,1023.1416292261908,1.0
0.1665079593658447,90.69767441860463,9.30232558139535,2098.0,464.0,54.0,95.36363636363636,97.20255995773807,2.875863581533063,70854.0,13974.0,60.0,3374.0,4407.734145794186,97.12413641846692,22.0,21.0,51.16279069767442,48.83720930232558,438.1292058220036,258.24591307087064,3.0
0.4836800098419189,98.0,2.0,5878.0,459.0,54.0,61.87368421052632,46.29605058870556,2.86311318503076,199423.0,42394.0,60.0,1899.2666666666669,4307.914157657228,97.13688681496924,95.0,105.0,47.5,52.5,424.4562434306485,413.4965182153506,1.0
4.8146071434021,0.984251968503937,99.01574803149606,243650.0,1466.0,74.0,196.6505246166263,225.152189917226,3.5935624127973003,6536530.0,1294.0,74.0,1218.3653308480896,281.14616401271365,96.4064375872027,1239.0,5365.0,18.761356753482737,81.23864324651726,1408.251971148156,1371.6591620668512,1.0
2.361865997314453,100.0,0.0,90504.0,54.0,54.0,54.0,0.0,1.6618728497601132,5355400.0,10274.0,60.0,1608.2282282282283,659.1031693507219,98.33812715023988,1676.0,3330.0,33.479824210946866,66.52017578905314,2305.763327044056,2119.510592765231,1.0
0.7479908466339111,99.59058341862846,0.4094165813715456,26622.0,462.0,54.0,55.578288100208766,20.63301646903296,3.4680138189056384,741022.0,4434.0,60.0,1487.995983935743,392.69886474776166,96.53198618109435,479.0,498.0,49.02763561924258,50.97236438075742,1026.2745907313324,1306.1657163275056,1.0
0.3376879692077636,95.91836734693878,4.081632653061225,3128.0,464.0,54.0,76.29268292682927,73.67640188772758,4.553262103700253,65570.0,1446.0,60.0,1150.3508771929824,537.0231935410262,95.44673789629977,41.0,57.0,41.83673469387755,58.16326530612245,203.43632662179127,290.20873983137125,1.0
4.99824595451355,100.0,0.0,16956.0,54.0,54.0,54.0,0.0,1.646143271549565,1013088.0,14654.0,1514.0,1711.2972972972973,1157.0623837362095,98.35385672845044,314.0,592.0,34.65783664459161,65.34216335540839,206.08109512294865,181.2635889159992,1.0
1.214958906173706,100.0,0.0,7516.0,202.0,54.0,61.10569105691057,27.38816694592521,2.281343430817562,321939.0,1514.0,54.0,1463.3590909090908,259.4004558444732,97.71865656918244,123.0,220.0,35.8600583090379,64.1399416909621,271.16554998354565,282.3140751979971,1.0
4.946774959564209,99.64614295824488,0.3538570417551309,27341.0,471.0,54.0,57.31865828092244,30.201826839025745,0.3701814702923988,7358496.0,43854.0,60.0,7853.250800426895,7461.250219622025,99.6298185297076,477.0,937.0,33.73408769448373,66.26591230551627,1493.0610469190744,285.84279890601044,1.0
0.1211509704589843,95.78947368421052,4.2105263157894735,3023.0,461.0,54.0,71.97619047619048,69.14477145294434,3.566919564370922,81728.0,13028.0,60.0,1542.0377358490566,1869.802087040889,96.43308043562908,42.0,53.0,44.21052631578947,55.78947368421053,699.5486679051608,784.14559652382,1.0
0.0768148899078369,100.0,0.0,2490.0,461.0,54.0,75.45454545454545,78.5931338083562,2.905450344803445,83211.0,26637.0,60.0,2080.275,4175.527781702479,97.09454965519656,33.0,40.0,45.2054794520548,54.7945205479452,1115.682130155035,950.3365830190728,1.0
0.3377218246459961,95.91836734693878,4.081632653061225,3220.0,464.0,54.0,74.88372093023256,71.23910419690446,4.680708793045804,65573.0,5622.0,60.0,1192.2363636363636,873.4592352767448,95.3192912069542,43.0,55.0,43.87755102040816,56.12244897959184,203.69722943463785,290.1796474146281,1.0
0.9529750347137452,100.0,0.0,35100.0,54.0,54.0,54.0,0.0,1.684485742339909,2048622.0,8814.0,60.0,1589.311093871218,577.912565553793,98.3155142576601,650.0,1289.0,33.52243424445591,66.47756575554409,2186.544163379798,2034.6807936919747,1.0
4.996661186218262,99.85414235705952,0.14585764294049,75281.0,471.0,54.0,55.35367647058823,20.5228722817828,2.2181468996004265,3318588.0,8814.0,60.0,1603.9574673755435,649.4188870367141,97.78185310039956,1360.0,2069.0,39.66170895304754,60.33829104695246,679.2273627359273,686.2582577057319,1.0
4.996186017990112,99.92755722978846,0.0724427702115328,137871.0,471.0,54.0,54.62400950871632,13.135444677145058,1.9276696395002888,7014340.0,8814.0,60.0,1601.8131993605846,666.0767966533515,98.0723303604997,2524.0,4379.0,36.56381283499928,63.436187165000725,1431.5341691135077,1381.6539206394418,1.0
0.5678689479827881,80.0,0.0,248.0,86.0,54.0,62.0,16.0,34.73389355742297,466.0,100.0,60.0,77.66666666666667,20.01665972800324,65.26610644257703,4.0,6.0,40.0,60.0,1.2573323520088673,17.60969680684688,3.0
1.1639268398284912,100.0,0.0,47520.0,54.0,54.0,54.0,0.0,1.650147825742723,2832222.0,8814.0,60.0,1594.7195945945946,600.4435535891957,98.34985217425728,880.0,1776.0,33.13253012048193,66.86746987951807,2474.160661527781,2281.930366337605,2.0
0.5147871971130371,98.1818181818182,1.818181818181818,6200.0,463.0,54.0,61.38613861386138,44.78257926851237,0.6796144174717905,906082.0,56994.0,60.0,7614.134453781513,7429.029595279029,99.3203855825282,101.0,119.0,45.90909090909091,54.09090909090909,1772.1536299195895,427.3610556629526,1.0
1.1075389385223389,100.0,0.0,38934.0,54.0,54.0,54.0,0.0,1.6768806763341202,2282877.0,8814.0,60.0,1591.9644351464435,637.3142963578288,98.32311932366588,721.0,1434.0,33.45707656612529,66.5429234338747,2096.3696347306072,1945.7555170702776,1.0
1.4948880672454834,100.0,0.0,54820.0,330.0,54.0,63.892773892773896,36.75777940503148,2.426548440670404,2204356.0,1514.0,54.0,1476.4608171466846,219.1753172161768,97.5734515593296,859.0,1493.0,36.52210884353742,63.47789115646258,1511.2676657877214,1573.361946980988,3.0
0.5505528450012207,100.0,0.0,6730.0,463.0,54.0,60.08928571428572,42.43246962839282,0.960987889839088,693591.0,33634.0,60.0,6248.567567567568,5598.99000408535,99.03901211016093,112.0,111.0,50.22421524663677,49.775784753363226,1272.0322969150168,405.04740285104793,2.0
4.9969401359558105,100.0,0.0,23004.0,54.0,54.0,54.0,0.0,3.0863435603235,722344.0,8814.0,1514.0,1695.643192488263,627.0949825143916,96.9136564396765,426.0,426.0,50.0,50.0,149.16088240417363,170.5043440223304,3.0
0.2784080505371094,97.6470588235294,2.3529411764705883,6253.0,1004.0,54.0,73.56470588235294,112.62711834684774,0.975934848193982,634466.0,27794.0,60.0,7464.305882352941,7740.489061120242,99.024065151806,85.0,85.0,50.0,50.0,2301.366640669745,610.6145266705945,1.0
4.982777118682861,99.9249587273,0.0750412726999849,134149.0,471.0,54.0,54.6877293110477,14.062155207333898,1.949103253261376,6748452.0,8814.0,60.0,1602.577060080741,671.2168900425448,98.05089674673864,2453.0,4211.0,36.80972388955582,63.19027611044418,1381.2781178178277,1337.4067997168515,1.0
0.0151607990264892,100.0,0.0,335.0,186.0,74.0,111.66666666666669,64.37649674635405,48.13218390804597,361.0,201.0,74.0,120.33333333333331,70.1165696061447,51.867816091954026,3.0,3.0,50.0,50.0,45.90787060655145,395.7575052288918,3.0
4.998899936676025,99.85742291926572,0.1425770807342719,115385.0,471.0,54.0,54.76269577598481,14.411852577779277,2.02060231583423,5595041.0,10274.0,60.0,1596.758276255708,614.6209293074785,97.97939768416578,2107.0,3504.0,37.55123863838888,62.44876136161112,1142.3365285037287,1122.4469525451204,1.0
4.9927380084991455,1.6597510373443984,97.78699861687411,35153.0,718.0,60.0,228.26623376623377,139.02146550801888,16.64338842779564,176060.0,714.0,54.0,309.4200351493849,129.20397273194456,83.35661157220436,154.0,569.0,21.300138312586444,78.69986168741356,42.304042319154696,144.8103222659062,1.0
0.695289134979248,94.73684210526316,5.2631578947368425,3880.0,734.0,54.0,121.25,175.9967008488438,7.472891508252923,48041.0,2974.0,60.0,1091.840909090909,654.6365205986295,92.52710849174709,32.0,44.0,42.10526315789474,57.89473684210526,74.67540824084597,109.3070438994683,1.0
3.1510939598083496,100.0,0.0,83700.0,54.0,54.0,54.0,0.0,1.558248617915391,5287715.0,29254.0,60.0,1716.7905844155844,1444.478416832868,98.4417513820846,1550.0,3080.0,33.47732181425486,66.52267818574514,1704.6191159360703,1469.3309876045707,1.0
4.995905876159668,99.90488871980216,0.0951112801978314,113807.0,471.0,54.0,54.79393355801637,14.989427930814392,1.8572596106457189,6013877.0,45314.0,60.0,1890.56177302735,2235.1081700437007,98.14274038935427,2077.0,3181.0,39.50171167744389,60.49828832255611,1226.54112224995,1052.46178177436,1.0
0.7631049156188965,96.07843137254902,3.92156862745098,3466.0,460.0,54.0,67.96078431372548,60.8739552795163,0.6804670996316918,505890.0,20874.0,60.0,9919.411764705885,7351.1322289194895,99.3195329003683,51.0,51.0,50.0,50.0,667.4783369556727,133.66445152207615,3.0
0.6843299865722656,100.0,0.0,2852.0,459.0,54.0,71.3,70.49684481028302,3.634185812403634,75625.0,16557.0,60.0,1575.5208333333333,2282.421427787783,96.36581418759636,40.0,48.0,45.45454545454545,54.54545454545455,114.67713170525047,128.59293283461452,1.0
1.2355639934539795,96.07843137254902,3.92156862745098,3163.0,461.0,54.0,71.88636363636364,68.18654846170547,3.985484419691796,76200.0,2974.0,60.0,1313.7931034482758,592.9861913312129,96.0145155803082,44.0,58.0,43.13725490196079,56.86274509803921,64.23220522811067,82.55339305806595,1.0
0.2144801616668701,98.24561403508773,1.7543859649122806,2313.0,465.0,54.0,82.60714285714286,85.90491698328312,4.503943140882095,49042.0,4434.0,60.0,1634.7333333333331,1254.7136486983338,95.4960568591179,28.0,30.0,48.27586206896552,51.72413793103448,239.4393943052152,270.42128068742045,2.0
0.5397870540618896,94.05940594059406,5.9405940594059405,3501.0,461.0,54.0,68.6470588235294,60.92940949308857,1.0139538116669853,341781.0,21654.0,60.0,6835.62,7409.730620816199,98.98604618833302,51.0,50.0,50.495049504950494,49.50495049504951,639.6633587296287,187.1108231291886,1.0
0.1111299991607666,94.9367088607595,5.063291139240507,2653.0,461.0,54.0,75.8,75.93178052777141,3.109433785351789,82668.0,25521.0,60.0,1878.8181818181813,3795.464755515379,96.89056621464822,35.0,44.0,44.30379746835443,55.69620253164557,767.7584868561916,710.8791559128366,1.0
4.99962306022644,99.87593052109182,0.1240694789081885,132967.0,471.0,54.0,54.74145738987237,14.804820712407844,1.8839336379073512,6924978.0,38014.0,60.0,1723.059965165464,1530.4154556967333,98.11606636209264,2429.0,4019.0,37.67059553349876,62.32940446650124,1411.695424830754,1289.6972276361892,1.0
4.999607086181641,0.0,100.0,5916.0,1292.0,91.0,190.83870967741936,306.48405034892045,9.795999470128494,54476.0,1292.0,87.0,1089.52,424.1210955298845,90.20400052987152,31.0,50.0,38.27160493827161,61.72839506172839,12.079349228645745,16.201273140818408,1.0
4.850791931152344,2.8112449799196786,97.18875502008032,41477.0,1292.0,74.0,402.68932038834953,486.751376507439,23.147455716406416,137709.0,1294.0,74.0,943.2123287671232,527.2860273187351,76.85254428359359,103.0,146.0,41.36546184738956,58.63453815261044,36.93953534664039,51.33182448022422,1.0
0.092905044555664,99.08256880733946,0.9174311926605504,3299.0,467.0,54.0,68.72916666666667,64.48049006707981,3.814622526970618,83184.0,5894.0,60.0,1341.6774193548388,810.0818775495566,96.18537747302938,48.0,62.0,43.63636363636363,56.36363636363637,930.875179207128,1184.0045987394526,1.0
2.221748113632202,100.0,0.0,24516.0,54.0,54.0,54.0,0.0,1.5768796358949158,1530200.0,32174.0,60.0,1736.88989784336,1713.9190704082837,98.42312036410507,454.0,881.0,34.00749063670412,65.99250936329588,699.7714954546708,600.8781966815711,1.0
0.261693000793457,91.83673469387756,8.16326530612245,2067.0,465.0,54.0,82.68,86.33303732252985,1.785930290829287,113671.0,16758.0,60.0,4736.291666666667,5396.87276984001,98.21406970917072,25.0,24.0,51.02040816326531,48.97959183673469,442.2663183542574,187.2423024361801,3.0
4.993852853775024,17.142857142857142,82.85714285714286,42902.0,1466.0,74.0,752.6666666666666,570.0911372420245,66.26610237558309,21840.0,1294.0,74.0,455.0,513.9083451687105,33.73389762441692,57.0,48.0,54.285714285714285,45.71428571428572,12.96433873718552,21.025849794638404,1.0
2.011178970336914,99.67213114754098,0.3278688524590163,44132.0,462.0,54.0,54.95890410958904,15.875750569788346,3.576174825129492,1189924.0,6390.0,60.0,1158.640701071081,572.0871592310152,96.42382517487052,803.0,1027.0,43.87978142076503,56.12021857923497,613.5983013949624,909.9140489189966,1.0
4.997251987457275,99.92816091954025,0.0718390804597701,141799.0,471.0,54.0,54.64315992292871,13.547904185569418,1.994617028016549,6967285.0,10274.0,60.0,1595.8050847457628,645.9803491468421,98.00538297198344,2595.0,4366.0,37.279126562275536,62.720873437724464,1422.598663794274,1392.9655773756424,2.0
2.2067270278930664,100.0,0.0,30294.0,54.0,54.0,54.0,0.0,1.7209341694677625,1730029.0,4434.0,60.0,1533.7136524822697,196.3526889222165,98.27906583053225,561.0,1128.0,33.21492007104796,66.78507992895204,797.7076356746838,765.3869185680928,1.0
2.4749650955200195,100.0,0.0,42066.0,54.0,54.0,54.0,0.0,1.6516893240936734,2504781.0,8814.0,60.0,1592.3591862682772,549.615186951363,98.34831067590632,779.0,1573.0,33.12074829931973,66.87925170068027,1029.0436033260005,950.3164324448046,1.0
0.2100770473480224,100.0,0.0,1965.0,464.0,54.0,93.57142857142856,99.12344396184558,2.733038471167488,69933.0,16758.0,60.0,3496.65,4582.71437922755,97.26696152883252,21.0,20.0,51.21951219512195,48.78048780487805,342.2458612572308,195.16649018813405,1.0
4.996752977371216,2.687140115163148,97.31285988483684,139771.0,712.0,54.0,315.510158013544,102.56240462412464,90.98785925853596,13844.0,253.0,54.0,177.48717948717947,76.91194891203763,9.01214074146405,443.0,78.0,85.02879078694818,14.971209213051823,30.742964620359643,104.26771192401377,2.0
0.5804951190948486,100.0,0.0,13230.0,54.0,54.0,54.0,0.0,1.7004835388566273,764784.0,8814.0,60.0,1573.6296296296296,551.340588009131,98.29951646114336,245.0,486.0,33.515731874145004,66.484268125855,1340.2593310571458,1259.2698473327905,1.0
4.924015998840332,97.41100323624596,2.588996763754045,9911.0,471.0,54.0,66.51677852348993,60.94521288284874,3.972694987133134,239567.0,5894.0,60.0,1497.29375,736.7378001190204,96.02730501286686,149.0,160.0,48.22006472491909,51.77993527508091,50.665554307450506,62.75365475513755,1.0
3.14449405670166,0.081799591002045,99.91820040899796,31228.0,1292.0,55.0,115.23247232472325,141.34452725906013,1.106402879736969,2791252.0,1292.0,60.0,1283.9245630174794,94.81197424074132,98.89359712026302,271.0,2174.0,11.083844580777097,88.9161554192229,897.5943185469306,777.549569473387,3.0
4.996287107467651,99.91773609740046,0.0822639025995393,121634.0,471.0,54.0,54.7161493477283,14.102139470344616,1.928702358828641,6184886.0,10274.0,60.0,1603.9642116182572,650.3313458685876,98.07129764117136,2223.0,3856.0,36.56851455831551,63.43148544168449,1262.2413132692118,1216.703497866262,1.0
0.2304160594940185,89.1891891891892,10.81081081081081,3550.0,465.0,54.0,93.42105263157896,97.76796346423043,4.493614004886014,75451.0,11734.0,60.0,2095.861111111112,3188.17214226744,95.506385995114,38.0,36.0,51.35135135135136,48.648648648648646,342.86238630016504,321.1581699752182,1.0
4.999176025390625,99.5127892813642,0.48721071863581,39361.0,471.0,54.0,56.391117478510026,25.714474175193544,2.540142066226585,1510198.0,7354.0,60.0,1599.7860169491526,550.705230670098,97.45985793377342,698.0,944.0,42.50913520097442,57.49086479902558,309.9628803086446,328.4541275722928,1.0
0.3207211494445801,95.83333333333331,4.166666666666667,3125.0,464.0,54.0,76.21951219512195,73.51411843827073,4.5513464703397855,65536.0,2838.0,60.0,1191.5636363636363,628.6130754710713,95.44865352966022,41.0,55.0,42.708333333333336,57.29166666666666,214.0831688802128,299.325442572937,1.0
4.921489000320435,5.459057071960298,94.5409429280397,26008.0,1514.0,54.0,174.5503355704698,259.7303028517875,1.9108327051566327,1335074.0,1514.0,60.0,1259.5037735849055,181.2114489232788,98.08916729484336,149.0,1060.0,12.324234904880068,87.67576509511993,276.55898446819265,245.65736099812128,2.0
1.9225659370422363,92.85714285714286,7.142857142857143,1961.0,523.0,55.0,130.73333333333332,155.4015382653534,64.6554566435872,1072.0,86.0,60.0,82.46153846153847,8.723678358500162,35.34454335641279,15.0,13.0,53.57142857142857,46.42857142857143,1.5775791828841546,14.563869805722495,3.0
3.1367290019989014,0.0,99.73404255319149,15367.0,1433.0,86.0,129.1344537815126,182.7311132103137,1.900649711260054,793146.0,1292.0,86.0,1252.995260663507,194.41219824281708,98.09935028873994,120.0,633.0,15.93625498007968,84.06374501992032,257.75672666805764,240.05899123582105,1.0
0.207435131072998,88.73239436619718,11.267605633802816,3434.0,465.0,54.0,95.38888888888889,99.74747480592544,4.36612376193564,75217.0,16758.0,60.0,2149.057142857143,3727.924891496428,95.63387623806436,36.0,35.0,50.70422535211268,49.29577464788732,379.1594972035961,342.27567737797773,1.0
4.987025022506714,99.59443800695249,0.4055619930475087,44607.0,471.0,54.0,56.03894472361809,23.49938558580092,2.897655411106932,1494810.0,11734.0,60.0,1605.596133190118,833.045645489431,97.10234458889306,796.0,931.0,46.09148812970469,53.90851187029531,308.6844347186003,346.29864342086825,1.0
0.2629079818725586,97.82608695652172,2.1739130434782608,2188.0,465.0,54.0,91.16666666666669,93.93923413646148,1.8132095798458605,118482.0,20934.0,60.0,5151.391304347826,6768.701189627624,98.18679042015414,24.0,23.0,51.06382978723404,48.93617021276596,458.98188081065297,178.76977209000322,1.0
2.848768949508667,0.0,100.0,37377.0,1292.0,95.0,130.6888111888112,184.68804712694384,1.3242468582927962,2785133.0,1292.0,87.0,1281.6994937873908,105.06816337323085,98.6757531417072,286.0,2173.0,11.630744204961369,88.36925579503864,990.78235196533,863.179865964247,1.0
3.878625869750977,2.699784017278618,96.8682505399568,22480.0,1495.0,46.0,169.02255639097746,184.1840098579536,2.186753410479296,1005528.0,1514.0,66.0,1268.0050441361916,158.8814117662214,97.8132465895207,133.0,793.0,14.362850971922246,85.63714902807776,265.04438286181033,238.7443468630948,3.0
4.999152183532715,4.158004158004158,95.84199584199584,16733.0,266.0,85.0,185.92222222222225,69.91796602114746,10.72202073534877,139329.0,712.0,54.0,356.3401534526854,126.7452093828988,89.27797926465122,90.0,391.0,18.71101871101871,81.28898128898129,31.21769337490278,96.2163147552142,3.0
3.423792123794556,0.1046572475143903,99.68602825745684,21892.0,1292.0,75.0,119.62841530054644,161.76231940517872,0.9786399711754498,2215090.0,1292.0,78.0,1281.880787037037,107.77752032118504,99.02136002882456,183.0,1728.0,9.576138147566718,90.42386185243328,653.3638489479246,558.1530451919076,3.0
1.1642818450927734,92.15686274509804,7.84313725490196,2101.0,458.0,54.0,84.04,88.0726404736454,7.1939736346516,27104.0,4434.0,60.0,1042.4615384615386,964.172608230258,92.8060263653484,25.0,26.0,49.01960784313726,50.98039215686274,25.084132440176337,43.80382655192581,1.0
4.677671909332275,0.2382370458606313,99.76176295413936,20385.0,1285.0,74.0,122.8012048192771,147.43874824274687,1.0413064321935068,1937252.0,1292.0,74.0,1280.4044943820224,115.04473609226322,98.95869356780648,166.0,1513.0,9.8868374032162,90.1131625967838,418.506692633654,358.9392399775367,3.0
0.1355090141296386,98.07692307692308,1.9230769230769231,2143.0,456.0,54.0,79.37037037037037,82.41879366902643,1.2432629997273292,170226.0,17574.0,60.0,6547.153846153846,5745.613531676545,98.75673700027266,27.0,26.0,50.943396226415096,49.0566037735849,1272.0113204801132,391.1178923440178,1.0
0.0893831253051757,99.05660377358492,0.9433962264150944,3083.0,467.0,54.0,70.06818181818181,67.24941349351673,3.5577045131957026,83574.0,5894.0,60.0,1326.571428571429,776.1312807618043,96.4422954868043,44.0,63.0,41.12149532710281,58.87850467289719,969.500671453721,1197.0939663910376,1.0
4.934254169464111,99.89163415691374,0.1083658430862592,101073.0,471.0,54.0,54.930978260869566,16.452218525791835,2.111771160752267,4685099.0,35094.0,60.0,1688.323963963964,1570.0472799695317,97.88822883924772,1840.0,2775.0,39.86998916576381,60.13001083423619,969.9889457700568,935.2983939417162,1.0
2.0394949913024902,99.6938775510204,0.3061224489795918,46455.0,462.0,54.0,54.9113475177305,15.480331138142493,3.4816999959528188,1287807.0,7446.0,60.0,1156.020646319569,660.4435837648433,96.51830000404718,846.0,1114.0,43.16326530612245,56.83673469387755,654.2119523166347,961.0222179306644,1.0
2.165490865707397,100.0,0.0,84186.0,54.0,54.0,54.0,0.0,1.6682400667724055,4962210.0,8814.0,60.0,1589.9423261775073,588.5307138627886,98.3317599332276,1559.0,3121.0,33.31196581196581,66.6880341880342,2330.370485470278,2161.1728195728,1.0
4.999732971191406,99.8619261304798,0.1380738695201933,115331.0,471.0,54.0,54.7630579297246,14.415265824531016,1.930192021730162,5859774.0,8814.0,60.0,1588.8758134490238,596.4431894151967,98.06980797826984,2106.0,3688.0,36.34794615119089,63.65205384880911,1195.0848244153665,1158.861889901957,1.0
0.269956111907959,95.78947368421052,4.2105263157894735,3057.0,464.0,54.0,76.425,73.63384377253402,4.462187449824111,65452.0,2753.0,60.0,1190.0363636363636,579.78041704298,95.53781255017589,40.0,55.0,42.10526315789474,57.89473684210526,253.7782883143539,351.9090541368816,1.0
0.2924020290374756,100.0,0.0,2842.0,464.0,54.0,76.8108108108108,77.21285077190403,4.158010241404536,65508.0,8406.0,60.0,1336.8979591836735,1184.1303286395807,95.84198975859546,37.0,49.0,43.02325581395349,56.97674418604651,233.75350788431072,294.11560611632365,1.0
0.8059580326080322,99.67637540453076,0.3236245954692556,26774.0,463.0,54.0,55.54771784232365,20.63963661914941,2.2345053901370964,1171433.0,7204.0,60.0,1553.6246684350133,616.1645198425808,97.7654946098629,482.0,754.0,38.9967637540453,61.003236245954696,1486.686591016003,1533.5786107874346,1.0
3.511726140975952,99.7949138638228,0.2050861361771944,54553.0,471.0,54.0,55.60958205912334,21.0761367604102,2.35269510015116,2264192.0,10274.0,60.0,1552.943758573388,447.299826502797,97.64730489984883,981.0,1458.0,40.22140221402214,59.77859778597786,660.2863967506282,694.5302401405856,3.0
4.58704686164856,18.806875631951467,81.19312436804853,56055.0,1466.0,74.0,235.5252100840336,351.65111059284214,6.35090581557391,826575.0,1466.0,74.0,1100.6324900133156,426.2874375617836,93.64909418442608,238.0,751.0,24.064711830131447,75.93528816986856,192.41791649863103,215.6071280345627,1.0
0.3630270957946777,100.0,0.0,3672.0,54.0,54.0,54.0,0.0,0.2702621145066428,1355009.0,35094.0,60.0,10343.580152671757,7708.880659996274,99.72973788549336,68.0,131.0,34.17085427135678,65.82914572864321,3742.643498898628,548.1684488712413,1.0
0.2558860778808594,100.0,0.0,1902.0,465.0,54.0,82.69565217391305,90.880258273585,1.5347992737542868,122023.0,16758.0,60.0,5546.5,6467.696504276354,98.46520072624573,23.0,22.0,51.11111111111112,48.888888888888886,484.2975476676754,175.85950893722327,1.0
0.5439529418945312,92.45283018867924,7.547169811320755,2676.0,465.0,54.0,102.92307692307692,97.9464846033478,2.113343442001516,123948.0,16758.0,60.0,4590.666666666667,6077.856928733502,97.88665655799848,26.0,27.0,49.0566037735849,50.943396226415096,232.7848426722022,97.43489908411294,1.0
4.902477025985718,99.92372234935164,0.07627765064836,129648.0,471.0,54.0,54.68072543230704,13.796032407573769,1.902410485913801,6685285.0,8814.0,60.0,1597.4396654719235,662.6180444304694,98.0975895140862,2371.0,4185.0,36.1653447223917,63.8346552776083,1390.0999359869013,1337.28316629527,1.0
3.9382481575012207,93.33333333333331,0.0,1548.0,285.0,74.0,110.57142857142856,55.08415140731259,19.1205533596838,6548.0,1466.0,74.0,409.25,579.9163732815275,80.8794466403162,14.0,16.0,46.66666666666666,53.333333333333336,2.0557363772466872,7.617600212129522,1.0
0.1509420871734619,95.1219512195122,4.878048780487805,2779.0,460.0,54.0,75.10810810810811,75.26279285269703,2.9848982836029303,90323.0,34717.0,60.0,2007.1777777777777,5061.022018996527,97.01510171639708,37.0,45.0,45.1219512195122,54.8780487804878,616.8060992359781,543.2547113633456,3.0
1.4696519374847412,100.0,0.0,58212.0,54.0,54.0,54.0,0.0,1.6780652609761617,3410783.0,8814.0,60.0,1602.058713010803,642.0912634743676,98.32193473902385,1078.0,2129.0,33.61396944184596,66.38603055815403,2360.419437773181,2182.149336317462,1.0
4.752920866012573,6.73828125,93.26171875,67230.0,1466.0,74.0,351.9895287958115,452.8587904637638,6.491355962478939,968455.0,1294.0,74.0,1162.611044417767,355.4308666049792,93.50864403752108,191.0,833.0,18.65234375,81.34765625,217.90495343737547,215.4464652088931,1.0
0.09735107421875,100.0,0.0,2174.0,902.0,54.0,197.63636363636363,278.463021863684,21.796671345498297,7800.0,1514.0,54.0,780.0,662.2778872950538,78.2033286545017,11.0,10.0,52.38095238095238,47.61904761904762,102.45392852664575,215.7141065830721,3.0
2.7130720615386963,0.0,90.9090909090909,1572.0,1023.0,58.0,224.57142857142856,353.23403815924325,78.9552988448016,419.0,149.0,88.0,104.75,29.635283025474887,21.0447011551984,7.0,4.0,63.63636363636363,36.36363636363637,0.7338544479614083,4.054444463875184,3.0
3.6614201068878174,1.6736401673640169,98.04741980474198,12902.0,1292.0,74.0,114.17699115044248,126.99256376489242,1.6580116454049998,765259.0,1292.0,60.0,1266.9850993377484,167.23604665259853,98.341988354595,113.0,604.0,15.760111576011155,84.23988842398884,212.52983194584343,195.82565755051945,3.0
0.1929619312286377,92.15686274509804,7.84313725490196,2338.0,464.0,54.0,89.92307692307692,92.01561740353564,3.188152834974228,70996.0,8814.0,60.0,2839.84,3364.733950354272,96.81184716502575,26.0,25.0,50.98039215686274,49.01960784313726,380.0438746288647,264.3008373479164,1.0
2.123257875442505,99.67105263157896,0.3289473684210526,44406.0,462.0,54.0,54.95792079207921,15.877652158008743,3.644843243669172,1173918.0,7446.0,60.0,1155.431102362205,535.0521977917101,96.35515675633084,808.0,1016.0,44.29824561403509,55.70175438596491,573.7993552695953,859.0572163166299,1.0
1.123485803604126,100.0,0.0,3675.0,761.0,54.0,131.25,194.0957428884194,7.13827865509003,47808.0,2974.0,60.0,1166.0487804878048,747.2403880686427,92.86172134490997,28.0,41.0,40.57971014492754,59.42028985507246,45.82434405031491,61.41599633804808,1.0
0.6523211002349854,98.0099502487562,1.9900497512437807,6199.0,460.0,54.0,63.255102040816325,47.45509243951686,0.6058858600568843,1016931.0,35094.0,60.0,9873.116504854368,8463.863421955086,99.39411413994311,98.0,103.0,48.75621890547264,51.24378109452736,1568.4453555640594,308.1304589527977,1.0
3.83032488822937,100.0,0.0,109782.0,54.0,54.0,54.0,0.0,1.6811635927058002,6420338.0,8814.0,60.0,1588.4062345373577,566.0628887342817,98.3188364072942,2033.0,4042.0,33.465020576131685,66.53497942386831,1704.8475496340088,1586.0273416149478,1.0
4.304290056228638,99.69325153374233,0.3067484662576687,31242.0,471.0,54.0,57.21978021978022,30.84074590578189,0.3179091464869014,9796094.0,46774.0,60.0,9028.658064516128,7657.517437069531,99.6820908535131,546.0,1085.0,33.47639484978541,66.52360515021459,2283.149107430409,378.9242775681016,1.0
0.0725989341735839,100.0,0.0,3170.0,173.0,54.0,64.6938775510204,31.582038725643205,4.798377331072899,62894.0,1514.0,54.0,1397.6444444444444,368.2216572784508,95.2016226689271,49.0,45.0,52.12765957446808,47.87234042553192,909.9858111145412,1294.7848487037852,1.0
4.991918087005615,2.6548672566371683,97.34513274336284,43531.0,718.0,70.0,239.1813186813187,99.17613709162714,42.64734697076573,58541.0,343.0,54.0,216.8185185185185,61.54606904504483,57.35265302923427,182.0,270.0,40.26548672566372,59.73451327433628,20.447450903832344,90.5463575567464,2.0
4.972262859344482,1.8867924528301887,98.1132075471698,142258.0,690.0,54.0,286.81048387096774,114.82191908336848,96.57115315425398,5051.0,243.0,54.0,148.55882352941177,80.98155090175023,3.428846845746017,497.0,34.0,93.5969868173258,6.4030131826742,29.626148932001648,106.7924232931652,1.0
3.509896039962769,66.66666666666667,33.333333333333336,694.0,217.0,74.0,173.5,67.92397711166998,75.02702702702703,231.0,157.0,74.0,115.5,58.68986283848344,24.97297297297297,4.0,2.0,66.66666666666667,33.333333333333336,0.2635405691417037,1.7094523403786186,1.0
4.983822822570801,4.183266932270916,95.81673306772907,124549.0,564.0,54.0,286.97926267281105,113.0432974476526,89.45493460508077,14682.0,756.0,54.0,215.91176470588235,96.47561524622604,10.545065394919234,434.0,68.0,86.45418326693228,13.54581673306773,27.936587025013985,100.72589212572645,1.0
4.871716976165772,99.92344204562856,0.0765579543714592,128875.0,471.0,54.0,54.770505737356565,15.369182339117218,1.886143522533104,6703850.0,8814.0,60.0,1604.1756401052885,673.9818836460258,98.1138564774669,2353.0,4179.0,36.02265768524189,63.97734231475811,1402.529135708868,1340.8003855636407,1.0
0.5727047920227051,100.0,0.0,6568.0,463.0,54.0,60.25688073394495,43.00546986521872,0.6081954522388778,1073348.0,33634.0,60.0,6098.568181818182,5141.142544044254,99.39180454776113,109.0,176.0,38.24561403508772,61.75438596491228,1885.6416342980176,497.6385809404945,1.0
4.981955051422119,99.50149551345962,0.4985044865403789,21829.0,471.0,54.0,58.21066666666667,33.9554740427638,0.3453255209940009,6299453.0,62834.0,60.0,10015.028616852149,8469.439800871192,99.654674479006,375.0,629.0,37.35059760956175,62.64940239043825,1268.8356146841518,201.5273099891586,1.0
3.0533409118652344,0.3766478342749529,99.62335216572504,18076.0,1285.0,74.0,118.1437908496732,144.28263647496357,0.9694803550971196,1846428.0,1292.0,74.0,1282.2416666666666,104.3405443767374,99.03051964490288,153.0,1440.0,9.6045197740113,90.3954802259887,610.6438991972914,521.7235958846348,1.0
0.7381761074066162,99.8819362455726,0.1180637544273908,23157.0,458.0,54.0,55.66586538461539,21.723040640550103,4.550885729670666,485689.0,4278.0,60.0,1124.2800925925926,330.96220232944586,95.44911427032932,416.0,432.0,49.0566037735849,50.943396226415096,689.3287318492249,1148.777360160329,1.0
4.03644609451294,100.0,0.0,143748.0,54.0,54.0,54.0,0.0,1.6804213748832018,8410535.0,8814.0,60.0,1595.3215098634294,593.7433109854225,98.3195786251168,2662.0,5272.0,33.551802369548774,66.44819763045122,2119.2610528426267,1965.590475935084,1.0
0.6377170085906982,100.0,0.0,19332.0,54.0,54.0,54.0,0.0,1.6793684907314184,1131815.0,8814.0,60.0,1580.7472067039107,596.9426970477318,98.32063150926858,358.0,716.0,33.333333333333336,66.66666666666667,1805.1063159565704,1684.132594132076,1.0
0.2167379856109619,100.0,0.0,8640.0,54.0,54.0,54.0,0.0,1.6068110936915927,529071.0,5894.0,60.0,1560.6814159292037,439.5661106813487,98.3931889063084,160.0,339.0,32.06412825651302,67.93587174348697,2480.926444362064,2302.319081693828,1.0
4.926522970199585,8.703535811423391,91.2964641885766,82345.0,1466.0,74.0,315.4980842911877,408.9649470076028,8.319399471607758,907450.0,1294.0,74.0,1077.731591448931,437.73847156528126,91.68060052839223,261.0,842.0,23.662737987307345,76.33726201269266,200.91147569741284,223.89015674381704,1.0
4.736681938171387,99.32523616734144,0.6747638326585695,21380.0,471.0,54.0,58.57534246575342,35.934203382756024,3.660488807088131,562695.0,4434.0,60.0,1492.5596816976126,400.94766367745433,96.33951119291189,365.0,377.0,49.19137466307278,50.80862533692722,123.3088916722756,156.64974125040192,2.0
4.979838132858276,7.766990291262136,92.23300970873788,21765.0,270.0,54.0,205.33018867924528,66.25372898013805,35.79416504950169,39041.0,268.0,54.0,192.32019704433492,68.43694023025718,64.2058349504983,106.0,203.0,34.3042071197411,65.6957928802589,12.210437041876135,62.05020961648072,1.0
4.702279806137085,99.91998719795168,0.0800128020483277,126260.0,471.0,54.0,54.68168038111737,13.725916912737492,1.9687436605627715,6286967.0,10274.0,60.0,1595.27201217965,616.8345462623473,98.03125633943723,2309.0,3941.0,36.944,63.056,1363.854824553381,1329.1425133491502,1.0
4.2359299659729,0.1661129568106312,99.83388704318936,13716.0,1285.0,74.0,116.23728813559322,147.05291087806174,0.9791393910147044,1387106.0,1292.0,74.0,1277.2615101289134,129.70999105634544,99.0208606089853,118.0,1086.0,9.800664451827242,90.19933554817275,330.6999906166442,284.235105318477,1.0
4.067207098007202,99.8928418345478,0.1071581654522074,98131.0,471.0,54.0,54.8831096196868,15.628353158465778,2.096400542798351,4582797.0,10274.0,60.0,1591.8016672455717,621.3345580219684,97.90359945720164,1788.0,2879.0,38.31154917505892,61.68845082494108,1150.894923028016,1147.4704600822213,3.0
0.4350101947784424,98.27586206896552,1.7241379310344829,6956.0,463.0,54.0,60.48695652173913,42.01281450654371,0.9556638470278388,720915.0,33634.0,60.0,6161.666666666667,4845.203913718931,99.04433615297216,115.0,117.0,49.56896551724138,50.43103448275862,1673.2274524525023,533.3208342810478,1.0
0.2874891757965088,97.91666666666669,2.083333333333333,2056.0,461.0,54.0,82.24,85.82019964243072,1.2758141382049246,159096.0,20657.0,60.0,6629.0,6467.303093589153,98.72418586179508,25.0,24.0,51.02040816326531,48.97959183673469,560.5498000177473,170.4411996181842,1.0
4.991001844406128,2.25140712945591,97.74859287054409,31942.0,300.0,54.0,223.37062937062936,54.3758021888929,19.642593594726225,130674.0,656.0,54.0,335.0615384615385,111.05968338101508,80.35740640527378,143.0,390.0,26.82926829268293,73.17073170731707,32.5818352846851,106.7921865421432,1.0
4.07911491394043,0.0,100.0,1117.0,217.0,88.0,139.625,64.22046291598073,18.036492814467948,5076.0,241.0,85.0,175.0344827586207,51.209989788977616,81.96350718553205,8.0,29.0,21.62162162162162,78.37837837837837,1.5182215089933702,9.070595161110075,2.0
3.412766933441162,99.85726520125608,0.1427347987439337,77133.0,471.0,54.0,55.21331424481031,18.69688144083118,2.276790655869083,3310662.0,7354.0,60.0,1571.268153773137,562.6536888250971,97.72320934413092,1397.0,2107.0,39.868721461187214,60.13127853881279,992.6827896753024,1026.7328734537537,3.0
0.8300149440765381,100.0,0.0,32346.0,54.0,54.0,54.0,0.0,1.668213027492559,1906615.0,8814.0,60.0,1596.8299832495811,636.1197060100797,98.33178697250744,599.0,1194.0,33.407696597880644,66.59230340211936,2336.0555298883905,2160.202069608354,1.0
1.2885220050811768,98.73015873015872,1.2698412698412698,9116.0,463.0,54.0,58.81290322580645,36.25912999163541,0.8657646859941004,1043826.0,27794.0,60.0,6523.9125,4885.195966132344,99.1342353140059,155.0,160.0,49.20634920634921,50.79365079365079,817.1703671709237,244.466139311416,1.0
1.6063299179077148,98.46153846153848,1.5384615384615383,2431.0,461.0,54.0,78.41935483870968,80.54306268224815,3.1486374468966947,74777.0,21954.0,60.0,2136.4857142857145,4184.841169039039,96.8513625531033,31.0,35.0,46.96969696969697,53.03030303030303,48.06484591942692,41.08744988449612,1.0
0.4180409908294678,100.0,0.0,7324.0,463.0,54.0,59.54471544715447,40.511939554096365,0.6451254885345769,1127959.0,30714.0,60.0,6557.9011627906975,7193.079681608117,99.35487451146544,123.0,172.0,41.69491525423729,58.30508474576271,2715.721723239141,705.6724256027321,1.0
2.95224404335022,3.1994554118447924,96.5282505105514,18675.0,582.0,54.0,107.32758620689656,72.80397021133523,1.161715818494889,1588861.0,1514.0,60.0,1226.9196911196912,229.89368157551323,98.83828418150512,174.0,1295.0,11.844792375765827,88.15520762423418,544.5132503936771,497.58759046659713,2.0
4.980255842208862,3.902439024390244,96.09756097560977,149456.0,534.0,85.0,298.31536926147703,104.66111189603028,88.3414115143634,19724.0,267.0,54.0,173.01754385964912,80.01238648093285,11.6585884856366,501.0,114.0,81.46341463414635,18.536585365853657,33.97014237022904,123.4876318577306,2.0
0.5931918621063232,0.0,100.0,10361.0,1292.0,95.0,132.83333333333334,196.8863088554372,2.761114679131345,364886.0,1292.0,87.0,1241.108843537415,199.063065769637,97.23888532086866,78.0,294.0,20.967741935483872,79.03225806451613,632.5895953251311,627.1158182768917,1.0
3.296335935592652,94.89795918367346,4.081632653061225,3198.0,464.0,54.0,76.14285714285714,72.77884020703776,4.624528220033838,65955.0,6638.0,60.0,1177.767857142857,932.2463972201072,95.37547177996616,42.0,56.0,42.85714285714285,57.142857142857146,20.978747722072484,29.72997956362129,1.0
4.996685981750488,100.0,0.0,3564.0,430.0,54.0,77.47826086956522,67.90376822482266,5.5919039774064485,60171.0,1514.0,54.0,1253.5625,519.589236545603,94.40809602259355,47.0,48.0,49.47368421052632,50.526315789473685,12.755454361707102,19.012601621749035,1.0
3.802647113800049,99.78145488604432,0.2185451139556665,74186.0,471.0,54.0,55.19791666666666,18.00284072410527,2.4553485730474973,2947218.0,10274.0,60.0,1584.5258064516129,646.2987207556566,97.5446514269525,1344.0,1860.0,41.94756554307117,58.05243445692884,794.5528232254663,842.5709523170003,1.0
0.5632750988006592,99.45130315500684,0.5486968449931413,19944.0,458.0,54.0,56.02247191011236,23.512766698457888,4.358296365901095,437666.0,5334.0,60.0,1173.367292225201,497.4377809501134,95.6417036340989,356.0,373.0,48.83401920438958,51.16598079561042,812.4094265383927,1294.2166297644026,1.0
1.104902982711792,97.4025974025974,2.5974025974025974,4878.0,462.0,54.0,63.35064935064935,50.12530777796735,0.6669045538999151,726561.0,22334.0,60.0,9435.857142857143,7093.625466264702,99.33309544610007,77.0,77.0,50.0,50.0,661.993868642485,139.3787530757079,1.0
4.603713035583496,99.7372569626905,0.2627430373095113,33560.0,471.0,54.0,56.68918918918919,27.24672043820287,0.2985032410638705,11209199.0,62834.0,60.0,8543.596798780487,7578.544655783186,99.70149675893612,592.0,1312.0,31.09243697478992,68.90756302521008,2442.1068196695364,413.5792099297688,2.0
0.6220991611480713,99.51040391676868,0.4895960832313341,22428.0,458.0,54.0,55.791044776119406,22.132476209071648,4.411530404508306,485967.0,6812.0,60.0,1171.0048192771085,554.1078480071324,95.58846959549167,402.0,415.0,49.20440636474908,50.79559363525092,817.2250209464476,1313.2954535612027,1.0
4.979748964309692,4.143126177024482,95.48022598870055,16577.0,304.0,54.0,182.16483516483515,78.35478624482698,10.175744443148544,146330.0,706.0,54.0,332.5681818181818,114.95125196908782,89.82425555685145,91.0,440.0,17.137476459510356,82.86252354048965,32.7138980634504,106.63188120640712,2.0
1.971750020980835,0.0,100.0,1415.0,1005.0,95.0,283.0,403.73010786910606,77.3224043715847,415.0,145.0,88.0,103.75,27.64507189355817,22.6775956284153,5.0,4.0,55.55555555555556,44.44444444444444,0.9281095374806576,4.564473135150776,3.0
0.5801868438720703,98.93048128342248,1.0695187165775402,10412.0,463.0,54.0,58.167597765363126,33.766296279301464,0.8846339457460765,1166572.0,30714.0,60.0,5982.420512820513,6574.519651426995,99.11536605425393,179.0,195.0,47.86096256684492,52.13903743315508,2028.629246649243,644.619925374361,1.0
4.9967570304870605,99.91896272285253,0.0810372771474878,124328.0,471.0,54.0,54.69775626924769,13.908518999998368,1.950020146715772,6251401.0,11734.0,60.0,1603.7457670600309,683.644488210052,98.04997985328424,2273.0,3898.0,36.83357640576892,63.16642359423109,1275.9733885596845,1235.001014127453,1.0
0.2842721939086914,88.73239436619718,11.267605633802816,3443.0,465.0,54.0,95.63888888888889,100.09485580553158,4.403432707925667,74746.0,16541.0,60.0,2135.6,3863.477024345694,95.59656729207433,36.0,35.0,50.70422535211268,49.29577464788732,275.0497645405108,249.76062211278145,1.0
4.987221002578735,3.839732888146912,96.16026711185307,29567.0,1466.0,74.0,304.8144329896907,434.28778692573457,4.662932157467599,604519.0,1294.0,74.0,1201.8270377733595,312.38851701418747,95.3370678425324,97.0,503.0,16.166666666666668,83.83333333333333,127.1421498409904,120.30748179993604,2.0
3.3977389335632324,100.0,0.0,79056.0,54.0,54.0,54.0,0.0,1.7093651179761615,4545819.0,7354.0,60.0,1566.9834539813858,358.3435142553769,98.29063488202384,1464.0,2901.0,33.539518900343644,66.46048109965636,1361.162552636103,1284.6778652950811,1.0
4.987999200820923,6.956521739130435,89.56521739130434,4574.0,523.0,46.0,175.92307692307693,156.19037693197953,21.35686604099547,16843.0,266.0,54.0,189.247191011236,69.06260020953263,78.64313395900453,26.0,89.0,22.60869565217392,77.3913043478261,4.2937055796791626,23.05533649265087,2.0
4.995030879974365,5.095541401273885,94.90445859872612,66022.0,331.0,58.0,204.40247678018576,65.11799319178049,68.9488799540494,29733.0,330.0,54.0,200.89864864864865,78.91782860438327,31.051120045950604,323.0,148.0,68.57749469214437,31.422505307855623,19.170051657516765,94.293711353876,1.0
4.996421098709106,99.8981462619678,0.1018537380321857,99469.0,471.0,54.0,54.89459161147903,15.828959945047124,1.6048103168382708,6098709.0,64294.0,60.0,1968.5955455132344,2805.7187677583693,98.39518968316172,1812.0,3098.0,36.90427698574338,63.09572301425662,1240.5235422613566,982.7033996931456,1.0
0.7762341499328613,100.0,0.0,3934.0,738.0,54.0,115.70588235294116,172.7966977468845,7.521844706602168,48367.0,1514.0,60.0,1099.25,574.6164797821319,92.47815529339783,34.0,44.0,43.58974358974359,56.41025641025641,67.37786530587924,100.48514357007669,1.0
2.893795967102051,0.0,99.95119570522206,26847.0,1292.0,46.0,131.60294117647058,193.4367533026045,1.1224159599045778,2365047.0,1292.0,88.0,1281.8682926829267,106.29276731495789,98.87758404009544,204.0,1845.0,9.956076134699854,90.04392386530014,826.5593107434339,708.066506171802,3.0
0.6268529891967773,98.83381924198252,1.1661807580174928,8684.0,463.0,54.0,59.07482993197279,37.22130933991614,0.7343794265514865,1173811.0,27794.0,60.0,5988.831632653061,5176.106111663416,99.26562057344852,147.0,196.0,42.85714285714285,57.142857142857146,1886.399236151364,547.1777369036806,1.0
4.675505876541138,8.333333333333334,91.66666666666669,9210.0,1016.0,75.0,484.7368421052632,312.3325937567308,94.61680706800904,524.0,175.0,86.0,104.8,39.25812017914256,5.383192931990959,19.0,5.0,79.16666666666667,20.83333333333333,2.081913755865291,5.133134388819292,1.0
0.1584320068359375,91.11111111111111,8.88888888888889,2146.0,464.0,54.0,93.30434782608695,94.9671880094329,2.970242214532872,70104.0,17574.0,60.0,3186.5454545454545,4787.722798269924,97.02975778546713,23.0,22.0,51.11111111111112,48.888888888888886,456.0315900992006,284.03351632476165,1.0
4.998064041137695,5.8441558441558445,92.85714285714286,32473.0,694.0,55.0,233.61870503597123,104.41759775081042,47.050044915819065,36545.0,333.0,54.0,216.24260355029585,62.079300919912,52.949955084180935,139.0,169.0,45.12987012987013,54.87012987012987,13.808946710552677,61.62386025167673,1.0
3.521301031112671,99.86684420772303,0.133155792276964,82991.0,471.0,54.0,55.290473017988006,20.652350209506544,2.262364001503681,3585340.0,10274.0,60.0,1589.9512195121952,664.7150187726796,97.73763599849632,1501.0,2255.0,39.96272630457934,60.03727369542066,1041.754444618122,1066.6512084066746,1.0
4.443267822265625,0.0827586206896551,99.91724137931034,37757.0,1145.0,75.0,106.96033994334276,94.50362915047964,0.8896381670018391,4206328.0,1292.0,74.0,1285.552567237164,85.54642277106312,99.11036183299817,353.0,3272.0,9.73793103448276,90.26206896551724,955.1719972252176,815.8409857345962,1.0
2.300989866256714,100.0,0.0,36234.0,54.0,54.0,54.0,0.0,1.6596715926095742,2146969.0,8814.0,60.0,1610.629407351838,584.8756399523179,98.34032840739044,671.0,1333.0,33.483033932135726,66.51696606786427,948.810349848115,870.929520111333,1.0
4.7426369190216064,6.25,81.25,2391.0,1285.0,58.0,265.6666666666667,387.3780453252352,66.82504192286193,1187.0,650.0,60.0,169.57142857142858,212.59496477484845,33.174958077138065,9.0,7.0,56.25,43.75,0.7544326207324621,3.37365062373376,1.0
4.107792854309082,99.8931623931624,0.1068376068376068,96063.0,471.0,54.0,54.9245283018868,16.08017736120709,2.0108123315086712,4681260.0,8814.0,60.0,1596.6098226466577,653.4014378431315,97.98918766849133,1749.0,2932.0,37.36381115146336,62.63618884853664,1162.9902406078193,1139.541395104581,1.0
1.4806859493255615,100.0,0.0,42768.0,54.0,54.0,54.0,0.0,1.616446267372791,2603036.0,7354.0,60.0,1594.9975490196075,546.0698070815936,98.3835537326272,792.0,1632.0,32.67326732673267,67.32673267326733,1786.8772248464563,1637.079085611712,1.0
2.053097009658813,100.0,0.0,75600.0,54.0,54.0,54.0,0.0,1.664673535720349,4465831.0,8814.0,60.0,1597.7928443649373,637.1503097386293,98.33532646427965,1400.0,2795.0,33.373063170441,66.626936829559,2211.9904605748275,2043.2546442104704,1.0
0.2304999828338623,91.83673469387756,8.16326530612245,2259.0,464.0,54.0,90.36,91.88937189178444,3.087330873308733,70911.0,13974.0,60.0,2954.625,3779.585355823641,96.91266912669128,25.0,24.0,51.02040816326531,48.97959183673469,317.4403707124734,212.58136073406035,1.0
0.3591129779815674,95.18072289156626,4.819277108433735,2584.0,464.0,54.0,83.35483870967742,83.5350419034219,3.770611411060849,65946.0,10431.0,60.0,1268.1923076923076,1416.3987895081175,96.22938858893914,31.0,52.0,37.34939759036145,62.65060240963855,190.8313099269766,231.1250361000884,1.0
4.748524188995361,96.81274900398408,3.187250996015936,8463.0,471.0,54.0,67.704,61.06184384862241,3.2039220882469857,255682.0,17574.0,60.0,2029.2222222222224,2708.896589798552,96.79607791175302,125.0,126.0,49.800796812749006,50.199203187250994,55.62675675363566,52.8585282521439,1.0
0.0964438915252685,100.0,0.0,6534.0,54.0,54.0,54.0,0.0,0.398294902812752,1633959.0,62834.0,60.0,6119.696629213483,7807.35702500474,99.60170509718724,121.0,267.0,31.18556701030928,68.81443298969072,17009.817563927172,4023.0645390158575,1.0
4.999458074569702,99.8570918185066,0.1429081814933905,118143.0,471.0,54.0,54.74652455977757,14.26646132852478,1.957612323729888,5916913.0,38014.0,60.0,1720.0328488372093,1524.3547301093568,98.04238767627012,2158.0,3440.0,38.54948195784208,61.45051804215792,1207.142036193479,1119.721361096085,1.0
4.999366044998169,99.88358556461002,0.1164144353899883,134771.0,471.0,54.0,54.71822980105562,14.448997832932552,1.889213591415069,6998938.0,8814.0,60.0,1587.4207303243363,584.1939015795624,98.11078640858491,2463.0,4409.0,35.84109429569266,64.15890570430733,1426.9227209592357,1374.5742836485017,1.0
4.999284982681274,99.8884706538408,0.1115293461592081,142985.0,471.0,54.0,54.699693955623566,14.495354175501737,1.9259241499587567,7281243.0,8814.0,60.0,1597.1140601008992,649.3415669221043,98.07407585004124,2614.0,4559.0,36.44221385752126,63.55778614247874,1485.0579684333482,1434.805182110841,1.0
3.086085081100464,0.0798722044728434,99.92012779552716,69986.0,1292.0,55.0,198.2606232294617,290.77175924335245,2.4840368704812543,2747444.0,1292.0,66.0,1277.2868433286844,129.26719761915575,97.51596312951877,353.0,2151.0,14.09744408945687,85.90255591054313,912.9463141681548,811.3839813862492,3.0
4.997464895248413,99.88682661837936,0.1131733816206428,89451.0,471.0,54.0,54.97910264290105,16.48524797114893,1.958740131410396,4477311.0,10274.0,60.0,1603.621418338109,625.9719227133951,98.0412598685896,1627.0,2792.0,36.81828467979181,63.18171532020819,913.8157237166538,884.2483324298252,1.0
0.3539760112762451,99.53051643192488,0.4694835680751174,6524.0,463.0,54.0,60.97196261682243,44.71386133145294,0.7655273326347681,845699.0,49694.0,60.0,7903.728971962617,6757.151407422507,99.23447266736524,107.0,107.0,50.0,50.0,2407.57275310083,604.5607419226865,1.0
4.999670028686523,99.86334130509054,0.1366586949094636,116125.0,471.0,54.0,54.77594339622642,14.621003676891773,1.9109844124560145,5960586.0,8814.0,60.0,1596.3004820567755,629.708655533897,98.08901558754398,2120.0,3734.0,36.21455415100786,63.78544584899214,1215.4224109058712,1170.8772711822185,1.0
0.3254139423370361,91.11111111111111,8.88888888888889,1976.0,465.0,54.0,85.91304347826087,90.8409764586036,1.7101562161928252,113569.0,16758.0,60.0,5162.227272727273,5695.619276767668,98.28984378380716,23.0,22.0,51.11111111111112,48.888888888888886,355.07083430472164,138.28540866080291,1.0
0.2300450801849365,91.83673469387756,8.16326530612245,2269.0,465.0,54.0,90.76,92.54651082924016,1.869397574479304,119107.0,15366.0,60.0,4962.791666666667,5846.19736669592,98.13060242552068,25.0,24.0,51.02040816326531,48.97959183673469,527.6183255143909,213.00172975056967,1.0
0.1997919082641601,100.0,0.0,6520.0,1004.0,54.0,71.64835164835165,108.97536659736696,1.018517650660943,633626.0,23414.0,60.0,6740.702127659574,7043.156487553537,98.98148234933906,91.0,94.0,49.18918918918919,50.810810810810814,3204.0636958810865,925.9634266839143,3.0
1.84618616104126,99.6661101836394,0.333889816360601,43961.0,462.0,54.0,54.95125,15.794166424785365,3.690133231260997,1147351.0,6390.0,60.0,1150.8034102306922,547.3947547598164,96.309866768739,800.0,997.0,44.51864218141347,55.48135781858653,645.2827050377699,973.3579624421416,1.0
0.676131010055542,100.0,0.0,6514.0,463.0,54.0,60.31481481481482,43.201689164827336,0.5668744800314679,1142594.0,30714.0,60.0,6604.589595375723,5038.070805482383,99.43312551996851,108.0,173.0,38.43416370106762,61.56583629893238,1699.5345323765057,415.5999293345778,1.0
0.4996929168701172,0.0,100.0,2850.0,1285.0,95.0,316.6666666666667,445.6293302734908,63.78692927484333,1618.0,647.0,88.0,179.77777777777777,187.8222416127665,36.21307072515667,9.0,9.0,50.0,50.0,8.941491562429624,36.02212357290359,3.0
0.0986268520355224,100.0,0.0,3342.0,461.0,54.0,68.20408163265306,64.27220096065273,3.6824417387471766,87413.0,7354.0,60.0,1456.8833333333334,1095.192067230353,96.31755826125284,49.0,60.0,44.95412844036697,55.04587155963303,920.1855085804904,1105.1756975954322,1.0
0.892125129699707,100.0,0.0,32184.0,54.0,54.0,54.0,0.0,1.673616668772728,1890837.0,7354.0,60.0,1594.297639123103,601.9038626387112,98.32638333122728,596.0,1186.0,33.445566778900115,66.55443322109988,2155.550758498751,1997.4776415050967,3.0
0.2322299480438232,100.0,0.0,4871.0,461.0,54.0,62.44871794871795,49.67234131628479,3.724148476623724,125924.0,4434.0,60.0,1368.7391304347825,572.3177260498611,96.27585152337628,78.0,92.0,45.88235294117647,54.11764705882353,563.2133198226362,732.0330621954062,1.0
4.9996960163116455,99.86033519553072,0.1396648044692737,121977.0,471.0,54.0,54.747307001795335,14.400436770586506,1.7953521930903291,6672066.0,59914.0,60.0,1906.3045714285715,2340.1389622773395,98.20464780690968,2228.0,3500.0,38.89664804469274,61.10335195530726,1358.8912161527917,1145.6696529773496,1.0
0.1947531700134277,95.74468085106383,4.25531914893617,3025.0,461.0,54.0,72.02380952380952,69.26530405700372,3.3864341128662105,86302.0,19115.0,60.0,1659.6538461538462,2653.185498526773,96.6135658871338,42.0,52.0,44.680851063829785,55.319148936170215,458.6677587524821,482.66223339789,2.0
0.8297381401062012,100.0,0.0,5453.0,459.0,54.0,61.96590909090909,48.38268163219848,2.640601241610413,201053.0,33634.0,60.0,2072.711340206185,3777.6916396313895,97.3593987583896,88.0,97.0,47.567567567567565,52.43243243243244,248.88093004085428,222.9619093757956,1.0
4.999583959579468,99.88290398126465,0.117096018735363,136195.0,471.0,54.0,54.67482938578884,13.727944879092766,1.9308259744472311,6917522.0,8814.0,60.0,1593.531905090993,599.3751886601328,98.06917402555275,2491.0,4341.0,36.46077283372365,63.53922716627635,1410.860795023695,1366.5137049872972,1.0
4.074109077453613,1.8867924528301887,98.1132075471698,5949.0,257.0,85.0,180.27272727272728,75.77527331164531,12.706651287966167,40869.0,306.0,60.0,228.31843575418995,48.62773340354612,87.29334871203383,33.0,179.0,15.566037735849056,84.43396226415095,11.49159217633467,52.03591655737003,1.0
3.4899301528930664,99.38556067588326,0.6144393241167435,25691.0,471.0,54.0,57.60313901345292,31.188256058445287,0.3971850278358819,6442579.0,42394.0,60.0,7526.377336448598,7074.161041169337,99.60281497216413,446.0,856.0,34.254992319508446,65.74500768049155,1853.4095860451428,373.0733690818064,1.0
3.921076059341431,0.0,99.9500998003992,21996.0,1158.0,46.0,111.0909090909091,122.32370228327014,0.9411881494844346,2315050.0,1292.0,88.0,1281.8660022148397,103.04154440797728,99.05881185051555,198.0,1806.0,9.880239520958083,90.11976047904191,596.0215932135021,511.0841946627744,3.0
0.8484780788421631,99.88372093023256,0.1162790697674418,23481.0,458.0,54.0,55.64218009478673,21.56859296203136,4.499379158107735,498391.0,4278.0,60.0,1135.2870159453305,327.500419449663,95.50062084189229,422.0,439.0,49.012775842044135,50.987224157955865,615.0683358987292,1014.7580962550315,1.0
2.5688140392303467,10.526315789473683,89.47368421052632,5004.0,1018.0,55.0,357.42857142857144,331.5260087919114,91.44736842105264,468.0,137.0,66.0,93.6,26.1686835740738,8.552631578947368,14.0,5.0,73.6842105263158,26.31578947368421,2.1301658728241337,7.396409280639353,3.0
4.9974400997161865,99.9213217938631,0.0786782061369,124807.0,471.0,54.0,54.69193689745837,13.8376702753476,1.8860089408130147,6492712.0,8814.0,60.0,1593.694648993618,585.2390561106517,98.113991059187,2282.0,4074.0,35.903083700440526,64.09691629955947,1324.18175464991,1271.8511624303349,1.0
2.734678030014038,100.0,0.0,85698.0,54.0,54.0,54.0,0.0,1.6719848210671102,5039827.0,8814.0,60.0,1582.8602386934674,556.589689032446,98.32801517893289,1587.0,3184.0,33.26346677845316,66.73653322154685,1874.270003176092,1744.6295131041472,1.0
4.991912841796875,2.242152466367713,97.30941704035874,22262.0,279.0,85.0,202.38181818181812,69.65576983921177,14.847173221467113,127679.0,710.0,54.0,379.9970238095238,136.6564818110235,85.15282677853288,110.0,336.0,24.66367713004484,75.33632286995515,30.03678244230475,89.34450863518263,2.0
1.1868321895599363,95.91836734693878,4.081632653061225,3055.0,461.0,54.0,72.73809523809524,69.71267146033817,3.858687414742586,76117.0,5894.0,60.0,1359.232142857143,830.9271271203121,96.1413125852574,42.0,56.0,42.85714285714285,57.142857142857146,66.70867262991582,82.57275195437465,1.0
3.012326955795288,0.0,100.0,6630.0,1263.0,95.0,213.8709677419355,325.317049654178,11.590301207978602,50573.0,1292.0,87.0,766.2575757575758,571.1098590425236,88.4096987920214,31.0,66.0,31.95876288659794,68.04123711340206,18.98963852179113,32.201019817382644,1.0
1.3631548881530762,96.03960396039604,3.96039603960396,3109.0,461.0,54.0,72.30232558139535,68.93700881920459,3.904601627649954,76515.0,2974.0,60.0,1319.2241379310344,606.0152288950769,96.09539837235003,43.0,58.0,42.57425742574257,57.42574257425743,58.41155740407585,74.09282751195194,1.0
0.1975319385528564,90.36144578313252,9.63855421686747,4375.0,467.0,54.0,104.16666666666669,116.73754525235108,10.640367731108787,36742.0,2914.0,60.0,896.1463414634146,875.8024480719271,89.35963226889122,42.0,41.0,50.60240963855421,49.397590361445786,208.1536803679864,420.1852146446207,2.0
4.95159387588501,7.522123893805309,91.59292035398232,41678.0,1466.0,74.0,443.3829787234043,504.38867728337925,30.249453843418177,96103.0,1294.0,74.0,728.0530303030303,565.2560092072844,69.75054615658182,94.0,132.0,41.5929203539823,58.4070796460177,27.825585751491804,45.6418691970384,1.0
4.2326600551605225,99.90514133940428,0.0948586605957124,108059.0,471.0,54.0,54.99185750636132,18.1840817694044,2.006127601366912,5278388.0,10274.0,60.0,1596.1257937707892,642.7098299310156,97.99387239863309,1965.0,3307.0,37.27238239757208,62.72761760242792,1272.5914507196871,1245.5524259672825,1.0
0.9636669158935548,99.5475113122172,0.4524886877828054,24048.0,458.0,54.0,55.66666666666666,21.35317860785445,4.593959539228609,499422.0,4278.0,60.0,1104.91592920354,284.8582594022666,95.4060404607714,432.0,452.0,48.86877828054298,51.13122171945702,543.2063624542049,917.329406478914,1.0
4.610330104827881,99.8533724340176,0.1466275659824047,109985.0,471.0,54.0,54.80069755854509,14.765671820772418,1.979532086382004,5446126.0,8814.0,60.0,1579.0449405624818,553.8167163839942,98.020467913618,2007.0,3449.0,36.78519061583578,63.21480938416422,1205.1438560075576,1183.4293588406051,1.0
0.7762880325317383,100.0,0.0,3798.0,766.0,54.0,126.6,189.5520308880733,7.356045786446128,47833.0,2974.0,60.0,1166.658536585366,763.7007794207133,92.64395421355388,30.0,41.0,42.25352112676056,57.74647887323944,66.5101068628017,91.4608972760342,3.0
4.999751091003418,2.3529411764705883,97.6470588235294,52278.0,271.0,70.0,231.31858407079645,44.13942868013197,32.67844752683198,107699.0,692.0,54.0,379.2218309859155,101.54201596296444,67.32155247316801,226.0,284.0,44.31372549019608,55.68627450980392,31.99699286787768,102.00507799632209,1.0
4.559094190597534,3.7383177570093458,96.26168224299066,878.0,232.0,54.0,125.42857142857144,71.98577901886163,1.9242570351538528,44750.0,408.0,54.0,216.18357487922705,69.13975659848685,98.07574296484614,7.0,207.0,3.2710280373831777,96.72897196261682,10.00812838964834,46.93914866715053,1.0
0.2506670951843261,88.57142857142857,11.428571428571429,3434.0,465.0,54.0,95.38888888888889,99.74747480592544,4.369735067314789,75152.0,12714.0,60.0,2210.3529411764707,3685.214988032773,95.6302649326852,36.0,34.0,51.42857142857143,48.57142857142857,313.5074427786877,279.25484175945,1.0
0.4984438419342041,0.0,100.0,13136.0,1292.0,96.0,625.5238095238095,590.9383740329968,85.83937789975822,2167.0,650.0,88.0,144.46666666666667,148.6226605807312,14.160622100241785,21.0,15.0,58.333333333333336,41.66666666666666,30.70155293847533,72.22478636771301,3.0
1.1934380531311035,95.83333333333331,4.166666666666667,3001.0,461.0,54.0,73.1951219512195,70.51496986888498,3.7921099850893376,76137.0,7354.0,60.0,1384.3090909090909,1009.829466217812,96.20789001491066,41.0,55.0,42.708333333333336,57.29166666666666,66.31094072488604,80.43986845243826,1.0
3.6419389247894287,100.0,0.0,138132.0,54.0,54.0,54.0,0.0,1.6660384788648477,8152913.0,13194.0,60.0,1598.9239066483624,622.2098603627528,98.33396152113517,2558.0,5099.0,33.407339689173305,66.59266031082669,2276.5469633677,2102.451512264917,1.0
0.7477669715881348,99.51632406287789,0.4836759371221282,22644.0,458.0,54.0,55.77339901477833,22.02362102909027,4.397670267950259,492265.0,7446.0,60.0,1169.2755344418051,583.7478378424418,95.60232973204974,406.0,421.0,49.09310761789601,50.90689238210399,688.5955378671212,1105.959518703517,1.0
4.99881386756897,99.83336804832328,0.166631951676734,106532.0,471.0,54.0,54.82861554297478,15.026237420163156,2.191842376305092,4753854.0,30714.0,60.0,1663.3498950314906,1409.9886693300489,97.80815762369492,1943.0,2858.0,40.47073526348677,59.52926473651323,972.3078571764684,960.4278389214818,1.0
